league,season,date,home_team,away_team,home_score,away_score
Premier League,2023,2023-08-11T19:00:00Z,Burnley FC,Manchester City FC,0,3
Premier League,2023,2023-08-12T12:00:00Z,Arsenal FC,Nottingham Forest FC,2,1
Premier League,2023,2023-08-12T14:00:00Z,AFC Bournemouth,West Ham United FC,1,1
Premier League,2023,2023-08-12T14:00:00Z,Brighton & Hove Albion FC,Luton Town FC,4,1
Premier League,2023,2023-08-12T14:00:00Z,Everton FC,Fulham FC,0,1
Premier League,2023,2023-08-12T14:00:00Z,Sheffield United FC,Crystal Palace FC,0,1
Premier League,2023,2023-08-12T16:30:00Z,Newcastle United FC,Aston Villa FC,5,1
Premier League,2023,2023-08-13T13:00:00Z,Brentford FC,Tottenham Hotspur FC,2,2
Premier League,2023,2023-08-13T15:30:00Z,Chelsea FC,Liverpool FC,1,1
Premier League,2023,2023-08-14T19:00:00Z,Manchester United FC,Wolverhampton Wanderers FC,1,0
Premier League,2023,2023-08-18T18:45:00Z,Nottingham Forest FC,Sheffield United FC,2,1
Premier League,2023,2023-08-19T14:00:00Z,Fulham FC,Brentford FC,0,3
Premier League,2023,2023-08-19T14:00:00Z,Liverpool FC,AFC Bournemouth,3,1
Premier League,2023,2023-08-19T14:00:00Z,Wolverhampton Wanderers FC,Brighton & Hove Albion FC,1,4
Premier League,2023,2023-08-19T16:30:00Z,Tottenham Hotspur FC,Manchester United FC,2,0
Premier League,2023,2023-08-19T19:00:00Z,Manchester City FC,Newcastle United FC,1,0
Premier League,2023,2023-08-20T13:00:00Z,Aston Villa FC,Everton FC,4,0
Premier League,2023,2023-08-20T15:30:00Z,West Ham United FC,Chelsea FC,3,1
Premier League,2023,2023-08-21T19:00:00Z,Crystal Palace FC,Arsenal FC,0,1
Premier League,2023,2023-08-25T19:00:00Z,Chelsea FC,Luton Town FC,3,0
Premier League,2023,2023-08-26T11:30:00Z,AFC Bournemouth,Tottenham Hotspur FC,0,2
Premier League,2023,2023-08-26T14:00:00Z,Everton FC,Wolverhampton Wanderers FC,0,1
Premier League,2023,2023-08-26T14:00:00Z,Manchester United FC,Nottingham Forest FC,3,2
Premier League,2023,2023-08-26T14:00:00Z,Arsenal FC,Fulham FC,2,2
Premier League,2023,2023-08-26T14:00:00Z,Brentford FC,Crystal Palace FC,1,1
Premier League,2023,2023-08-26T16:30:00Z,Brighton & Hove Albion FC,West Ham United FC,1,3
Premier League,2023,2023-08-27T13:00:00Z,Sheffield United FC,Manchester City FC,1,2
Premier League,2023,2023-08-27T13:00:00Z,Burnley FC,Aston Villa FC,1,3
Premier League,2023,2023-08-27T15:30:00Z,Newcastle United FC,Liverpool FC,1,2
Premier League,2023,2023-09-01T19:00:00Z,Luton Town FC,West Ham United FC,1,2
Premier League,2023,2023-09-02T11:30:00Z,Sheffield United FC,Everton FC,2,2
Premier League,2023,2023-09-02T14:00:00Z,Brentford FC,AFC Bournemouth,2,2
Premier League,2023,2023-09-02T14:00:00Z,Burnley FC,Tottenham Hotspur FC,2,5
Premier League,2023,2023-09-02T14:00:00Z,Chelsea FC,Nottingham Forest FC,0,1
Premier League,2023,2023-09-02T14:00:00Z,Manchester City FC,Fulham FC,5,1
Premier League,2023,2023-09-02T16:30:00Z,Brighton & Hove Albion FC,Newcastle United FC,3,1
Premier League,2023,2023-09-03T13:00:00Z,Crystal Palace FC,Wolverhampton Wanderers FC,3,2
Premier League,2023,2023-09-03T13:00:00Z,Liverpool FC,Aston Villa FC,3,0
Premier League,2023,2023-09-03T15:30:00Z,Arsenal FC,Manchester United FC,3,1
Premier League,2023,2023-09-16T11:30:00Z,Wolverhampton Wanderers FC,Liverpool FC,1,3
Premier League,2023,2023-09-16T14:00:00Z,Aston Villa FC,Crystal Palace FC,3,1
Premier League,2023,2023-09-16T14:00:00Z,Fulham FC,Luton Town FC,1,0
Premier League,2023,2023-09-16T14:00:00Z,Manchester United FC,Brighton & Hove Albion FC,1,3
Premier League,2023,2023-09-16T14:00:00Z,Tottenham Hotspur FC,Sheffield United FC,2,1
Premier League,2023,2023-09-16T14:00:00Z,West Ham United FC,Manchester City FC,1,3
Premier League,2023,2023-09-16T16:30:00Z,Newcastle United FC,Brentford FC,1,0
Premier League,2023,2023-09-17T13:00:00Z,AFC Bournemouth,Chelsea FC,0,0
Premier League,2023,2023-09-17T15:30:00Z,Everton FC,Arsenal FC,0,1
Premier League,2023,2023-09-18T18:45:00Z,Nottingham Forest FC,Burnley FC,1,1
Premier League,2023,2023-09-23T14:00:00Z,Crystal Palace FC,Fulham FC,0,0
Premier League,2023,2023-09-23T14:00:00Z,Luton Town FC,Wolverhampton Wanderers FC,1,1
Premier League,2023,2023-09-23T14:00:00Z,Manchester City FC,Nottingham Forest FC,2,0
Premier League,2023,2023-09-23T16:30:00Z,Brentford FC,Everton FC,1,3
Premier League,2023,2023-09-23T19:00:00Z,Burnley FC,Manchester United FC,0,1
Premier League,2023,2023-09-24T13:00:00Z,Arsenal FC,Tottenham Hotspur FC,2,2
Premier League,2023,2023-09-24T13:00:00Z,Brighton & Hove Albion FC,AFC Bournemouth,3,1
Premier League,2023,2023-09-24T13:00:00Z,Chelsea FC,Aston Villa FC,0,1
Premier League,2023,2023-09-24T13:00:00Z,Liverpool FC,West Ham United FC,3,1
Premier League,2023,2023-09-24T15:30:00Z,Sheffield United FC,Newcastle United FC,0,8
Premier League,2023,2023-09-30T11:30:00Z,Aston Villa FC,Brighton & Hove Albion FC,6,1
Premier League,2023,2023-09-30T14:00:00Z,AFC Bournemouth,Arsenal FC,0,4
Premier League,2023,2023-09-30T14:00:00Z,Everton FC,Luton Town FC,1,2
Premier League,2023,2023-09-30T14:00:00Z,Manchester United FC,Crystal Palace FC,0,1
Premier League,2023,2023-09-30T14:00:00Z,Newcastle United FC,Burnley FC,2,0
Premier League,2023,2023-09-30T14:00:00Z,West Ham United FC,Sheffield United FC,2,0
Premier League,2023,2023-09-30T14:00:00Z,Wolverhampton Wanderers FC,Manchester City FC,2,1
Premier League,2023,2023-09-30T16:30:00Z,Tottenham Hotspur FC,Liverpool FC,2,1
Premier League,2023,2023-10-01T13:00:00Z,Nottingham Forest FC,Brentford FC,1,1
Premier League,2023,2023-10-02T19:00:00Z,Fulham FC,Chelsea FC,0,2
Premier League,2023,2023-10-03T18:30:00Z,Luton Town FC,Burnley FC,1,2
Premier League,2023,2023-10-07T11:30:00Z,Luton Town FC,Tottenham Hotspur FC,0,1
Premier League,2023,2023-10-07T14:00:00Z,Burnley FC,Chelsea FC,1,4
Premier League,2023,2023-10-07T14:00:00Z,Everton FC,AFC Bournemouth,3,0
Premier League,2023,2023-10-07T14:00:00Z,Fulham FC,Sheffield United FC,3,1
Premier League,2023,2023-10-07T14:00:00Z,Manchester United FC,Brentford FC,2,1
Premier League,2023,2023-10-07T16:30:00Z,Crystal Palace FC,Nottingham Forest FC,0,0
Premier League,2023,2023-10-08T13:00:00Z,Brighton & Hove Albion FC,Liverpool FC,2,2
Premier League,2023,2023-10-08T13:00:00Z,West Ham United FC,Newcastle United FC,2,2
Premier League,2023,2023-10-08T13:00:00Z,Wolverhampton Wanderers FC,Aston Villa FC,1,1
Premier League,2023,2023-10-08T15:30:00Z,Arsenal FC,Manchester City FC,1,0
Premier League,2023,2023-10-21T11:30:00Z,Liverpool FC,Everton FC,2,0
Premier League,2023,2023-10-21T14:00:00Z,AFC Bournemouth,Wolverhampton Wanderers FC,1,2
Premier League,2023,2023-10-21T14:00:00Z,Brentford FC,Burnley FC,3,0
Premier League,2023,2023-10-21T14:00:00Z,Manchester City FC,Brighton & Hove Albion FC,2,1
Premier League,2023,2023-10-21T14:00:00Z,Newcastle United FC,Crystal Palace FC,4,0
Premier League,2023,2023-10-21T14:00:00Z,Nottingham Forest FC,Luton Town FC,2,2
Premier League,2023,2023-10-21T16:30:00Z,Chelsea FC,Arsenal FC,2,2
Premier League,2023,2023-10-21T19:00:00Z,Sheffield United FC,Manchester United FC,1,2
Premier League,2023,2023-10-22T15:30:00Z,Aston Villa FC,West Ham United FC,4,1
Premier League,2023,2023-10-23T19:00:00Z,Tottenham Hotspur FC,Fulham FC,2,0
Premier League,2023,2023-10-27T19:00:00Z,Crystal Palace FC,Tottenham Hotspur FC,1,2
Premier League,2023,2023-10-28T11:30:00Z,Chelsea FC,Brentford FC,0,2
Premier League,2023,2023-10-28T14:00:00Z,AFC Bournemouth,Burnley FC,2,1
Premier League,2023,2023-10-28T14:00:00Z,Arsenal FC,Sheffield United FC,5,0
Premier League,2023,2023-10-28T16:30:00Z,Wolverhampton Wanderers FC,Newcastle United FC,2,2
Premier League,2023,2023-10-29T13:00:00Z,West Ham United FC,Everton FC,0,1
Premier League,2023,2023-10-29T14:00:00Z,Aston Villa FC,Luton Town FC,3,1
Premier League,2023,2023-10-29T14:00:00Z,Brighton & Hove Albion FC,Fulham FC,1,1
Premier League,2023,2023-10-29T14:00:00Z,Liverpool FC,Nottingham Forest FC,3,0
Premier League,2023,2023-10-29T15:30:00Z,Manchester United FC,Manchester City FC,0,3
Premier League,2023,2023-11-04T12:30:00Z,Fulham FC,Manchester United FC,0,1
Premier League,2023,2023-11-04T15:00:00Z,Brentford FC,West Ham United FC,3,2
Premier League,2023,2023-11-04T15:00:00Z,Burnley FC,Crystal Palace FC,0,2
Premier League,2023,2023-11-04T15:00:00Z,Everton FC,Brighton & Hove Albion FC,1,1
Premier League,2023,2023-11-04T15:00:00Z,Manchester City FC,AFC Bournemouth,6,1
Premier League,2023,2023-11-04T15:00:00Z,Sheffield United FC,Wolverhampton Wanderers FC,2,1
Premier League,2023,2023-11-04T17:30:00Z,Newcastle United FC,Arsenal FC,1,0
Premier League,2023,2023-11-05T14:00:00Z,Nottingham Forest FC,Aston Villa FC,2,0
Premier League,2023,2023-11-05T16:30:00Z,Luton Town FC,Liverpool FC,1,1
Premier League,2023,2023-11-06T20:00:00Z,Tottenham Hotspur FC,Chelsea FC,1,4
Premier League,2023,2023-11-11T12:30:00Z,Wolverhampton Wanderers FC,Tottenham Hotspur FC,2,1
Premier League,2023,2023-11-11T15:00:00Z,Arsenal FC,Burnley FC,3,1
Premier League,2023,2023-11-11T15:00:00Z,Crystal Palace FC,Everton FC,2,3
Premier League,2023,2023-11-11T15:00:00Z,Manchester United FC,Luton Town FC,1,0
Premier League,2023,2023-11-11T17:30:00Z,AFC Bournemouth,Newcastle United FC,2,0
Premier League,2023,2023-11-12T14:00:00Z,Aston Villa FC,Fulham FC,3,1
Premier League,2023,2023-11-12T14:00:00Z,Brighton & Hove Albion FC,Sheffield United FC,1,1
Premier League,2023,2023-11-12T14:00:00Z,Liverpool FC,Brentford FC,3,0
Premier League,2023,2023-11-12T14:00:00Z,West Ham United FC,Nottingham Forest FC,3,2
Premier League,2023,2023-11-12T16:30:00Z,Chelsea FC,Manchester City FC,4,4
Premier League,2023,2023-11-25T12:30:00Z,Manchester City FC,Liverpool FC,1,1
Premier League,2023,2023-11-25T15:00:00Z,Burnley FC,West Ham United FC,1,2
Premier League,2023,2023-11-25T15:00:00Z,Luton Town FC,Crystal Palace FC,2,1
Premier League,2023,2023-11-25T15:00:00Z,Newcastle United FC,Chelsea FC,4,1
Premier League,2023,2023-11-25T15:00:00Z,Nottingham Forest FC,Brighton & Hove Albion FC,2,3
Premier League,2023,2023-11-25T15:00:00Z,Sheffield United FC,AFC Bournemouth,1,3
Premier League,2023,2023-11-25T17:30:00Z,Brentford FC,Arsenal FC,0,1
Premier League,2023,2023-11-26T14:00:00Z,Tottenham Hotspur FC,Aston Villa FC,1,2
Premier League,2023,2023-11-26T16:30:00Z,Everton FC,Manchester United FC,0,3
Premier League,2023,2023-11-27T20:00:00Z,Fulham FC,Wolverhampton Wanderers FC,3,2
Premier League,2023,2023-12-02T15:00:00Z,Arsenal FC,Wolverhampton Wanderers FC,2,1
Premier League,2023,2023-12-02T15:00:00Z,Brentford FC,Luton Town FC,3,1
Premier League,2023,2023-12-02T15:00:00Z,Burnley FC,Sheffield United FC,5,0
Premier League,2023,2023-12-02T17:30:00Z,Nottingham Forest FC,Everton FC,0,1
Premier League,2023,2023-12-02T20:00:00Z,Newcastle United FC,Manchester United FC,1,0
Premier League,2023,2023-12-03T14:00:00Z,AFC Bournemouth,Aston Villa FC,2,2
Premier League,2023,2023-12-03T14:00:00Z,Chelsea FC,Brighton & Hove Albion FC,3,2
Premier League,2023,2023-12-03T14:00:00Z,Liverpool FC,Fulham FC,4,3
Premier League,2023,2023-12-03T14:00:00Z,West Ham United FC,Crystal Palace FC,1,1
Premier League,2023,2023-12-03T16:30:00Z,Manchester City FC,Tottenham Hotspur FC,3,3
Premier League,2023,2023-12-05T19:30:00Z,Wolverhampton Wanderers FC,Burnley FC,1,0
Premier League,2023,2023-12-05T20:15:00Z,Luton Town FC,Arsenal FC,3,4
Premier League,2023,2023-12-06T19:30:00Z,Brighton & Hove Albion FC,Brentford FC,2,1
Premier League,2023,2023-12-06T19:30:00Z,Fulham FC,Nottingham Forest FC,5,0
Premier League,2023,2023-12-06T19:30:00Z,Sheffield United FC,Liverpool FC,0,2
Premier League,2023,2023-12-06T19:30:00Z,Crystal Palace FC,AFC Bournemouth,0,2
Premier League,2023,2023-12-06T20:15:00Z,Aston Villa FC,Manchester City FC,1,0
Premier League,2023,2023-12-06T20:15:00Z,Manchester United FC,Chelsea FC,2,1
Premier League,2023,2023-12-07T19:30:00Z,Everton FC,Newcastle United FC,3,0
Premier League,2023,2023-12-07T20:15:00Z,Tottenham Hotspur FC,West Ham United FC,1,2
Premier League,2023,2023-12-09T12:30:00Z,Crystal Palace FC,Liverpool FC,1,2
Premier League,2023,2023-12-09T15:00:00Z,Brighton & Hove Albion FC,Burnley FC,1,1
Premier League,2023,2023-12-09T15:00:00Z,Manchester United FC,AFC Bournemouth,0,3
Premier League,2023,2023-12-09T15:00:00Z,Sheffield United FC,Brentford FC,1,0
Premier League,2023,2023-12-09T15:00:00Z,Wolverhampton Wanderers FC,Nottingham Forest FC,1,1
Premier League,2023,2023-12-09T17:30:00Z,Aston Villa FC,Arsenal FC,1,0
Premier League,2023,2023-12-10T14:00:00Z,Everton FC,Chelsea FC,2,0
Premier League,2023,2023-12-10T14:00:00Z,Fulham FC,West Ham United FC,5,0
Premier League,2023,2023-12-10T14:00:00Z,Luton Town FC,Manchester City FC,1,2
Premier League,2023,2023-12-10T16:30:00Z,Tottenham Hotspur FC,Newcastle United FC,4,1
Premier League,2023,2023-12-15T20:00:00Z,Nottingham Forest FC,Tottenham Hotspur FC,0,2
Premier League,2023,2023-12-16T15:00:00Z,Chelsea FC,Sheffield United FC,2,0
Premier League,2023,2023-12-16T15:00:00Z,Manchester City FC,Crystal Palace FC,2,2
Premier League,2023,2023-12-16T15:00:00Z,Newcastle United FC,Fulham FC,3,0
Premier League,2023,2023-12-16T17:30:00Z,Burnley FC,Everton FC,0,2
Premier League,2023,2023-12-17T14:00:00Z,Arsenal FC,Brighton & Hove Albion FC,2,0
Premier League,2023,2023-12-17T14:00:00Z,Brentford FC,Aston Villa FC,1,2
Premier League,2023,2023-12-17T14:00:00Z,West Ham United FC,Wolverhampton Wanderers FC,3,0
Premier League,2023,2023-12-17T16:30:00Z,Liverpool FC,Manchester United FC,0,0
Premier League,2023,2023-12-21T20:00:00Z,Crystal Palace FC,Brighton & Hove Albion FC,1,1
Premier League,2023,2023-12-22T20:00:00Z,Aston Villa FC,Sheffield United FC,1,1
Premier League,2023,2023-12-23T12:30:00Z,West Ham United FC,Manchester United FC,2,0
Premier League,2023,2023-12-23T15:00:00Z,Fulham FC,Burnley FC,0,2
Premier League,2023,2023-12-23T15:00:00Z,Luton Town FC,Newcastle United FC,1,0
Premier League,2023,2023-12-23T15:00:00Z,Nottingham Forest FC,AFC Bournemouth,2,3
Premier League,2023,2023-12-23T15:00:00Z,Tottenham Hotspur FC,Everton FC,2,1
Premier League,2023,2023-12-23T17:30:00Z,Liverpool FC,Arsenal FC,1,1
Premier League,2023,2023-12-24T13:00:00Z,Wolverhampton Wanderers FC,Chelsea FC,2,1
Premier League,2023,2023-12-26T12:30:00Z,Newcastle United FC,Nottingham Forest FC,1,3
Premier League,2023,2023-12-26T15:00:00Z,AFC Bournemouth,Fulham FC,3,0
Premier League,2023,2023-12-26T15:00:00Z,Sheffield United FC,Luton Town FC,2,3
Premier League,2023,2023-12-26T17:30:00Z,Burnley FC,Liverpool FC,0,2
Premier League,2023,2023-12-26T20:00:00Z,Manchester United FC,Aston Villa FC,3,2
Premier League,2023,2023-12-27T19:30:00Z,Brentford FC,Wolverhampton Wanderers FC,1,4
Premier League,2023,2023-12-27T19:30:00Z,Chelsea FC,Crystal Palace FC,2,1
Premier League,2023,2023-12-27T20:15:00Z,Everton FC,Manchester City FC,1,3
Premier League,2023,2023-12-28T19:30:00Z,Brighton & Hove Albion FC,Tottenham Hotspur FC,4,2
Premier League,2023,2023-12-28T20:15:00Z,Arsenal FC,West Ham United FC,0,2
Premier League,2023,2023-12-30T12:30:00Z,Luton Town FC,Chelsea FC,2,3
Premier League,2023,2023-12-30T15:00:00Z,Aston Villa FC,Burnley FC,3,2
Premier League,2023,2023-12-30T15:00:00Z,Crystal Palace FC,Brentford FC,3,1
Premier League,2023,2023-12-30T15:00:00Z,Manchester City FC,Sheffield United FC,2,0
Premier League,2023,2023-12-30T15:00:00Z,Wolverhampton Wanderers FC,Everton FC,3,0
Premier League,2023,2023-12-30T17:30:00Z,Nottingham Forest FC,Manchester United FC,2,1
Premier League,2023,2023-12-31T14:00:00Z,Fulham FC,Arsenal FC,2,1
Premier League,2023,2023-12-31T14:00:00Z,Tottenham Hotspur FC,AFC Bournemouth,3,1
Premier League,2023,2024-01-01T20:00:00Z,Liverpool FC,Newcastle United FC,4,2
Premier League,2023,2024-01-02T19:30:00Z,West Ham United FC,Brighton & Hove Albion FC,0,0
Premier League,2023,2024-01-12T19:45:00Z,Burnley FC,Luton Town FC,1,1
Premier League,2023,2024-01-13T12:30:00Z,Chelsea FC,Fulham FC,1,0
Premier League,2023,2024-01-13T17:30:00Z,Newcastle United FC,Manchester City FC,2,3
Premier League,2023,2024-01-14T14:00:00Z,Everton FC,Aston Villa FC,0,0
Premier League,2023,2024-01-14T16:30:00Z,Manchester United FC,Tottenham Hotspur FC,2,2
Premier League,2023,2024-01-20T12:30:00Z,Arsenal FC,Crystal Palace FC,5,0
Premier League,2023,2024-01-20T17:30:00Z,Brentford FC,Nottingham Forest FC,3,2
Premier League,2023,2024-01-21T14:00:00Z,Sheffield United FC,West Ham United FC,2,2
Premier League,2023,2024-01-21T16:30:00Z,AFC Bournemouth,Liverpool FC,0,4
Premier League,2023,2024-01-22T19:45:00Z,Brighton & Hove Albion FC,Wolverhampton Wanderers FC,0,0
Premier League,2023,2024-01-30T19:30:00Z,Nottingham Forest FC,Arsenal FC,1,2
Premier League,2023,2024-01-30T19:45:00Z,Luton Town FC,Brighton & Hove Albion FC,4,0
Premier League,2023,2024-01-30T19:45:00Z,Fulham FC,Everton FC,0,0
Premier League,2023,2024-01-30T20:00:00Z,Crystal Palace FC,Sheffield United FC,3,2
Premier League,2023,2024-01-30T20:15:00Z,Aston Villa FC,Newcastle United FC,1,3
Premier League,2023,2024-01-31T19:30:00Z,Tottenham Hotspur FC,Brentford FC,3,2
Premier League,2023,2024-01-31T19:30:00Z,Manchester City FC,Burnley FC,3,1
Premier League,2023,2024-01-31T20:15:00Z,Liverpool FC,Chelsea FC,4,1
Premier League,2023,2024-02-01T19:30:00Z,West Ham United FC,AFC Bournemouth,1,1
Premier League,2023,2024-02-01T20:15:00Z,Wolverhampton Wanderers FC,Manchester United FC,3,4
Premier League,2023,2024-02-03T12:30:00Z,Everton FC,Tottenham Hotspur FC,2,2
Premier League,2023,2024-02-03T15:00:00Z,Brighton & Hove Albion FC,Crystal Palace FC,4,1
Premier League,2023,2024-02-03T15:00:00Z,Burnley FC,Fulham FC,2,2
Premier League,2023,2024-02-03T15:00:00Z,Newcastle United FC,Luton Town FC,4,4
Premier League,2023,2024-02-03T17:30:00Z,Sheffield United FC,Aston Villa FC,0,5
Premier League,2023,2024-02-04T14:00:00Z,AFC Bournemouth,Nottingham Forest FC,1,1
Premier League,2023,2024-02-04T14:00:00Z,Chelsea FC,Wolverhampton Wanderers FC,2,4
Premier League,2023,2024-02-04T14:00:00Z,Manchester United FC,West Ham United FC,3,0
Premier League,2023,2024-02-04T16:30:00Z,Arsenal FC,Liverpool FC,3,1
Premier League,2023,2024-02-05T20:00:00Z,Brentford FC,Manchester City FC,1,3
Premier League,2023,2024-02-10T12:30:00Z,Manchester City FC,Everton FC,2,0
Premier League,2023,2024-02-10T15:00:00Z,Fulham FC,AFC Bournemouth,3,1
Premier League,2023,2024-02-10T15:00:00Z,Liverpool FC,Burnley FC,3,1
Premier League,2023,2024-02-10T15:00:00Z,Luton Town FC,Sheffield United FC,1,3
Premier League,2023,2024-02-10T15:00:00Z,Tottenham Hotspur FC,Brighton & Hove Albion FC,2,1
Premier League,2023,2024-02-10T15:00:00Z,Wolverhampton Wanderers FC,Brentford FC,0,2
Premier League,2023,2024-02-10T17:30:00Z,Nottingham Forest FC,Newcastle United FC,2,3
Premier League,2023,2024-02-11T14:00:00Z,West Ham United FC,Arsenal FC,0,6
Premier League,2023,2024-02-11T16:30:00Z,Aston Villa FC,Manchester United FC,1,2
Premier League,2023,2024-02-12T20:00:00Z,Crystal Palace FC,Chelsea FC,1,3
Premier League,2023,2024-02-17T12:30:00Z,Brentford FC,Liverpool FC,1,4
Premier League,2023,2024-02-17T15:00:00Z,Burnley FC,Arsenal FC,0,5
Premier League,2023,2024-02-17T15:00:00Z,Fulham FC,Aston Villa FC,1,2
Premier League,2023,2024-02-17T15:00:00Z,Newcastle United FC,AFC Bournemouth,2,2
Premier League,2023,2024-02-17T15:00:00Z,Nottingham Forest FC,West Ham United FC,2,0
Premier League,2023,2024-02-17T15:00:00Z,Tottenham Hotspur FC,Wolverhampton Wanderers FC,1,2
Premier League,2023,2024-02-17T17:30:00Z,Manchester City FC,Chelsea FC,1,1
Premier League,2023,2024-02-18T14:00:00Z,Sheffield United FC,Brighton & Hove Albion FC,0,5
Premier League,2023,2024-02-18T16:30:00Z,Luton Town FC,Manchester United FC,1,2
Premier League,2023,2024-02-19T20:00:00Z,Everton FC,Crystal Palace FC,1,1
Premier League,2023,2024-02-20T19:30:00Z,Manchester City FC,Brentford FC,1,0
Premier League,2023,2024-02-21T19:30:00Z,Liverpool FC,Luton Town FC,4,1
Premier League,2023,2024-02-24T15:00:00Z,Aston Villa FC,Nottingham Forest FC,4,2
Premier League,2023,2024-02-24T15:00:00Z,Brighton & Hove Albion FC,Everton FC,1,1
Premier League,2023,2024-02-24T15:00:00Z,Crystal Palace FC,Burnley FC,3,0
Premier League,2023,2024-02-24T15:00:00Z,Manchester United FC,Fulham FC,1,2
Premier League,2023,2024-02-24T17:30:00Z,AFC Bournemouth,Manchester City FC,0,1
Premier League,2023,2024-02-24T20:00:00Z,Arsenal FC,Newcastle United FC,4,1
Premier League,2023,2024-02-25T13:30:00Z,Wolverhampton Wanderers FC,Sheffield United FC,1,0
Premier League,2023,2024-02-26T20:00:00Z,West Ham United FC,Brentford FC,4,2
Premier League,2023,2024-03-02T15:00:00Z,Brentford FC,Chelsea FC,2,2
Premier League,2023,2024-03-02T15:00:00Z,Everton FC,West Ham United FC,1,3
Premier League,2023,2024-03-02T15:00:00Z,Fulham FC,Brighton & Hove Albion FC,3,0
Premier League,2023,2024-03-02T15:00:00Z,Newcastle United FC,Wolverhampton Wanderers FC,3,0
Premier League,2023,2024-03-02T15:00:00Z,Nottingham Forest FC,Liverpool FC,0,1
Premier League,2023,2024-03-02T15:00:00Z,Tottenham Hotspur FC,Crystal Palace FC,3,1
Premier League,2023,2024-03-02T17:30:00Z,Luton Town FC,Aston Villa FC,2,3
Premier League,2023,2024-03-03T13:00:00Z,Burnley FC,AFC Bournemouth,0,2
Premier League,2023,2024-03-03T15:30:00Z,Manchester City FC,Manchester United FC,3,1
Premier League,2023,2024-03-04T20:00:00Z,Sheffield United FC,Arsenal FC,0,6
Premier League,2023,2024-03-09T12:30:00Z,Manchester United FC,Everton FC,2,0
Premier League,2023,2024-03-09T15:00:00Z,AFC Bournemouth,Sheffield United FC,2,2
Premier League,2023,2024-03-09T15:00:00Z,Crystal Palace FC,Luton Town FC,1,1
Premier League,2023,2024-03-09T15:00:00Z,Wolverhampton Wanderers FC,Fulham FC,2,1
Premier League,2023,2024-03-09T17:30:00Z,Arsenal FC,Brentford FC,2,1
Premier League,2023,2024-03-10T13:00:00Z,Aston Villa FC,Tottenham Hotspur FC,0,4
Premier League,2023,2024-03-10T14:00:00Z,Brighton & Hove Albion FC,Nottingham Forest FC,1,0
Premier League,2023,2024-03-10T14:00:00Z,West Ham United FC,Burnley FC,2,2
Premier League,2023,2024-03-10T15:45:00Z,Liverpool FC,Manchester City FC,1,1
Premier League,2023,2024-03-11T20:00:00Z,Chelsea FC,Newcastle United FC,3,2
Premier League,2023,2024-03-13T19:30:00Z,AFC Bournemouth,Luton Town FC,4,3
Premier League,2023,2024-03-16T15:00:00Z,Burnley FC,Brentford FC,2,1
Premier League,2023,2024-03-16T15:00:00Z,Luton Town FC,Nottingham Forest FC,1,1
Premier League,2023,2024-03-16T17:30:00Z,Fulham FC,Tottenham Hotspur FC,3,0
Premier League,2023,2024-03-17T14:00:00Z,West Ham United FC,Aston Villa FC,1,1
Premier League,2023,2024-03-30T12:30:00Z,Newcastle United FC,West Ham United FC,4,3
Premier League,2023,2024-03-30T15:00:00Z,AFC Bournemouth,Everton FC,2,1
Premier League,2023,2024-03-30T15:00:00Z,Chelsea FC,Burnley FC,2,2
Premier League,2023,2024-03-30T15:00:00Z,Nottingham Forest FC,Crystal Palace FC,1,1
Premier League,2023,2024-03-30T15:00:00Z,Sheffield United FC,Fulham FC,3,3
Premier League,2023,2024-03-30T15:00:00Z,Tottenham Hotspur FC,Luton Town FC,2,1
Premier League,2023,2024-03-30T17:30:00Z,Aston Villa FC,Wolverhampton Wanderers FC,2,0
Premier League,2023,2024-03-30T20:00:00Z,Brentford FC,Manchester United FC,1,1
Premier League,2023,2024-03-31T13:00:00Z,Liverpool FC,Brighton & Hove Albion FC,2,1
Premier League,2023,2024-03-31T15:30:00Z,Manchester City FC,Arsenal FC,0,0
Premier League,2023,2024-04-02T18:30:00Z,Nottingham Forest FC,Fulham FC,3,1
Premier League,2023,2024-04-02T18:30:00Z,Newcastle United FC,Everton FC,1,1
Premier League,2023,2024-04-02T18:45:00Z,AFC Bournemouth,Crystal Palace FC,1,0
Premier League,2023,2024-04-02T18:45:00Z,Burnley FC,Wolverhampton Wanderers FC,1,1
Premier League,2023,2024-04-02T19:15:00Z,West Ham United FC,Tottenham Hotspur FC,1,1
Premier League,2023,2024-04-03T18:30:00Z,Arsenal FC,Luton Town FC,2,0
Premier League,2023,2024-04-03T18:30:00Z,Brentford FC,Brighton & Hove Albion FC,0,0
Premier League,2023,2024-04-03T19:15:00Z,Manchester City FC,Aston Villa FC,4,1
Premier League,2023,2024-04-04T18:30:00Z,Liverpool FC,Sheffield United FC,3,1
Premier League,2023,2024-04-04T19:15:00Z,Chelsea FC,Manchester United FC,4,3
Premier League,2023,2024-04-06T11:30:00Z,Crystal Palace FC,Manchester City FC,2,4
Premier League,2023,2024-04-06T14:00:00Z,Aston Villa FC,Brentford FC,3,3
Premier League,2023,2024-04-06T14:00:00Z,Everton FC,Burnley FC,1,0
Premier League,2023,2024-04-06T14:00:00Z,Fulham FC,Newcastle United FC,0,1
Premier League,2023,2024-04-06T14:00:00Z,Luton Town FC,AFC Bournemouth,2,1
Premier League,2023,2024-04-06T14:00:00Z,Wolverhampton Wanderers FC,West Ham United FC,1,2
Premier League,2023,2024-04-06T16:30:00Z,Brighton & Hove Albion FC,Arsenal FC,0,3
Premier League,2023,2024-04-07T14:30:00Z,Manchester United FC,Liverpool FC,2,2
Premier League,2023,2024-04-07T16:30:00Z,Sheffield United FC,Chelsea FC,2,2
Premier League,2023,2024-04-07T17:00:00Z,Tottenham Hotspur FC,Nottingham Forest FC,3,1
Premier League,2023,2024-04-13T11:30:00Z,Newcastle United FC,Tottenham Hotspur FC,4,0
Premier League,2023,2024-04-13T14:00:00Z,Brentford FC,Sheffield United FC,2,0
Premier League,2023,2024-04-13T14:00:00Z,Burnley FC,Brighton & Hove Albion FC,1,1
Premier League,2023,2024-04-13T14:00:00Z,Manchester City FC,Luton Town FC,5,1
Premier League,2023,2024-04-13T14:00:00Z,Nottingham Forest FC,Wolverhampton Wanderers FC,2,2
Premier League,2023,2024-04-13T16:30:00Z,AFC Bournemouth,Manchester United FC,2,2
Premier League,2023,2024-04-14T13:00:00Z,Liverpool FC,Crystal Palace FC,0,1
Premier League,2023,2024-04-14T13:00:00Z,West Ham United FC,Fulham FC,0,2
Premier League,2023,2024-04-14T15:30:00Z,Arsenal FC,Aston Villa FC,0,2
Premier League,2023,2024-04-15T19:00:00Z,Chelsea FC,Everton FC,6,0
Premier League,2023,2024-04-20T14:00:00Z,Luton Town FC,Brentford FC,1,5
Premier League,2023,2024-04-20T14:00:00Z,Sheffield United FC,Burnley FC,1,4
Premier League,2023,2024-04-20T18:30:00Z,Wolverhampton Wanderers FC,Arsenal FC,0,2
Premier League,2023,2024-04-21T12:30:00Z,Everton FC,Nottingham Forest FC,2,0
Premier League,2023,2024-04-21T14:00:00Z,Aston Villa FC,AFC Bournemouth,3,1
Premier League,2023,2024-04-21T14:00:00Z,Crystal Palace FC,West Ham United FC,5,2
Premier League,2023,2024-04-21T15:30:00Z,Fulham FC,Liverpool FC,1,3
Premier League,2023,2024-04-23T19:00:00Z,Arsenal FC,Chelsea FC,5,0
Premier League,2023,2024-04-24T18:45:00Z,Wolverhampton Wanderers FC,AFC Bournemouth,0,1
Premier League,2023,2024-04-24T19:00:00Z,Crystal Palace FC,Newcastle United FC,2,0
Premier League,2023,2024-04-24T19:00:00Z,Everton FC,Liverpool FC,2,0
Premier League,2023,2024-04-24T19:00:00Z,Manchester United FC,Sheffield United FC,4,2
Premier League,2023,2024-04-25T19:00:00Z,Brighton & Hove Albion FC,Manchester City FC,0,4
Premier League,2023,2024-04-27T11:30:00Z,West Ham United FC,Liverpool FC,2,2
Premier League,2023,2024-04-27T14:00:00Z,Fulham FC,Crystal Palace FC,1,1
Premier League,2023,2024-04-27T14:00:00Z,Manchester United FC,Burnley FC,1,1
Premier League,2023,2024-04-27T14:00:00Z,Newcastle United FC,Sheffield United FC,5,1
Premier League,2023,2024-04-27T14:00:00Z,Wolverhampton Wanderers FC,Luton Town FC,2,1
Premier League,2023,2024-04-27T16:30:00Z,Everton FC,Brentford FC,1,0
Premier League,2023,2024-04-27T19:00:00Z,Aston Villa FC,Chelsea FC,2,2
Premier League,2023,2024-04-28T13:00:00Z,AFC Bournemouth,Brighton & Hove Albion FC,3,0
Premier League,2023,2024-04-28T13:00:00Z,Tottenham Hotspur FC,Arsenal FC,2,3
Premier League,2023,2024-04-28T15:30:00Z,Nottingham Forest FC,Manchester City FC,0,2
Premier League,2023,2024-05-02T18:30:00Z,Chelsea FC,Tottenham Hotspur FC,2,0
Premier League,2023,2024-05-03T19:00:00Z,Luton Town FC,Everton FC,1,1
Premier League,2023,2024-05-04T11:30:00Z,Arsenal FC,AFC Bournemouth,3,0
Premier League,2023,2024-05-04T14:00:00Z,Brentford FC,Fulham FC,0,0
Premier League,2023,2024-05-04T14:00:00Z,Burnley FC,Newcastle United FC,1,4
Premier League,2023,2024-05-04T14:00:00Z,Sheffield United FC,Nottingham Forest FC,1,3
Premier League,2023,2024-05-04T16:30:00Z,Manchester City FC,Wolverhampton Wanderers FC,5,1
Premier League,2023,2024-05-05T13:00:00Z,Brighton & Hove Albion FC,Aston Villa FC,1,0
Premier League,2023,2024-05-05T13:00:00Z,Chelsea FC,West Ham United FC,5,0
Premier League,2023,2024-05-05T15:30:00Z,Liverpool FC,Tottenham Hotspur FC,4,2
Premier League,2023,2024-05-06T19:00:00Z,Crystal Palace FC,Manchester United FC,4,0
Premier League,2023,2024-05-11T11:30:00Z,Fulham FC,Manchester City FC,0,4
Premier League,2023,2024-05-11T14:00:00Z,AFC Bournemouth,Brentford FC,1,2
Premier League,2023,2024-05-11T14:00:00Z,Everton FC,Sheffield United FC,1,0
Premier League,2023,2024-05-11T14:00:00Z,Newcastle United FC,Brighton & Hove Albion FC,1,1
Premier League,2023,2024-05-11T14:00:00Z,Tottenham Hotspur FC,Burnley FC,2,1
Premier League,2023,2024-05-11T14:00:00Z,West Ham United FC,Luton Town FC,3,1
Premier League,2023,2024-05-11T14:00:00Z,Wolverhampton Wanderers FC,Crystal Palace FC,1,3
Premier League,2023,2024-05-11T16:30:00Z,Nottingham Forest FC,Chelsea FC,2,3
Premier League,2023,2024-05-12T15:30:00Z,Manchester United FC,Arsenal FC,0,1
Premier League,2023,2024-05-13T19:00:00Z,Aston Villa FC,Liverpool FC,3,3
Premier League,2023,2024-05-14T19:00:00Z,Tottenham Hotspur FC,Manchester City FC,0,2
Premier League,2023,2024-05-15T18:45:00Z,Brighton & Hove Albion FC,Chelsea FC,1,2
Premier League,2023,2024-05-15T19:00:00Z,Manchester United FC,Newcastle United FC,3,2
Premier League,2023,2024-05-19T15:00:00Z,Arsenal FC,Everton FC,2,1
Premier League,2023,2024-05-19T15:00:00Z,Brentford FC,Newcastle United FC,2,4
Premier League,2023,2024-05-19T15:00:00Z,Brighton & Hove Albion FC,Manchester United FC,0,2
Premier League,2023,2024-05-19T15:00:00Z,Burnley FC,Nottingham Forest FC,1,2
Premier League,2023,2024-05-19T15:00:00Z,Chelsea FC,AFC Bournemouth,2,1
Premier League,2023,2024-05-19T15:00:00Z,Crystal Palace FC,Aston Villa FC,5,0
Premier League,2023,2024-05-19T15:00:00Z,Liverpool FC,Wolverhampton Wanderers FC,2,0
Premier League,2023,2024-05-19T15:00:00Z,Luton Town FC,Fulham FC,2,4
Premier League,2023,2024-05-19T15:00:00Z,Manchester City FC,West Ham United FC,3,1
Premier League,2023,2024-05-19T15:00:00Z,Sheffield United FC,Tottenham Hotspur FC,0,3
Premier League,2024,2024-08-16T19:00:00Z,Manchester United FC,Fulham FC,1,0
Premier League,2024,2024-08-17T11:30:00Z,Ipswich Town FC,Liverpool FC,0,2
Premier League,2024,2024-08-17T14:00:00Z,Arsenal FC,Wolverhampton Wanderers FC,2,0
Premier League,2024,2024-08-17T14:00:00Z,Everton FC,Brighton & Hove Albion FC,0,3
Premier League,2024,2024-08-17T14:00:00Z,Newcastle United FC,Southampton FC,1,0
Premier League,2024,2024-08-17T14:00:00Z,Nottingham Forest FC,AFC Bournemouth,1,1
Premier League,2024,2024-08-17T16:30:00Z,West Ham United FC,Aston Villa FC,1,2
Premier League,2024,2024-08-18T13:00:00Z,Brentford FC,Crystal Palace FC,2,1
Premier League,2024,2024-08-18T15:30:00Z,Chelsea FC,Manchester City FC,0,2
Premier League,2024,2024-08-19T19:00:00Z,Leicester City FC,Tottenham Hotspur FC,1,1
Premier League,2024,2024-08-24T11:30:00Z,Brighton & Hove Albion FC,Manchester United FC,2,1
Premier League,2024,2024-08-24T14:00:00Z,Crystal Palace FC,West Ham United FC,0,2
Premier League,2024,2024-08-24T14:00:00Z,Fulham FC,Leicester City FC,2,1
Premier League,2024,2024-08-24T14:00:00Z,Manchester City FC,Ipswich Town FC,4,1
Premier League,2024,2024-08-24T14:00:00Z,Southampton FC,Nottingham Forest FC,0,1
Premier League,2024,2024-08-24T14:00:00Z,Tottenham Hotspur FC,Everton FC,4,0
Premier League,2024,2024-08-24T16:30:00Z,Aston Villa FC,Arsenal FC,0,2
Premier League,2024,2024-08-25T13:00:00Z,AFC Bournemouth,Newcastle United FC,1,1
Premier League,2024,2024-08-25T13:00:00Z,Wolverhampton Wanderers FC,Chelsea FC,2,6
Premier League,2024,2024-08-25T15:30:00Z,Liverpool FC,Brentford FC,2,0
Premier League,2024,2024-08-31T11:30:00Z,Arsenal FC,Brighton & Hove Albion FC,1,1
Premier League,2024,2024-08-31T14:00:00Z,Brentford FC,Southampton FC,3,1
Premier League,2024,2024-08-31T14:00:00Z,Everton FC,AFC Bournemouth,2,3
Premier League,2024,2024-08-31T14:00:00Z,Ipswich Town FC,Fulham FC,1,1
Premier League,2024,2024-08-31T14:00:00Z,Leicester City FC,Aston Villa FC,1,2
Premier League,2024,2024-08-31T14:00:00Z,Nottingham Forest FC,Wolverhampton Wanderers FC,1,1
Premier League,2024,2024-08-31T16:30:00Z,West Ham United FC,Manchester City FC,1,3
Premier League,2024,2024-09-01T12:30:00Z,Chelsea FC,Crystal Palace FC,1,1
Premier League,2024,2024-09-01T12:30:00Z,Newcastle United FC,Tottenham Hotspur FC,2,1
Premier League,2024,2024-09-01T15:00:00Z,Manchester United FC,Liverpool FC,0,3
Premier League,2024,2024-09-14T11:30:00Z,Southampton FC,Manchester United FC,0,3
Premier League,2024,2024-09-14T14:00:00Z,Brighton & Hove Albion FC,Ipswich Town FC,0,0
Premier League,2024,2024-09-14T14:00:00Z,Crystal Palace FC,Leicester City FC,2,2
Premier League,2024,2024-09-14T14:00:00Z,Fulham FC,West Ham United FC,1,1
Premier League,2024,2024-09-14T14:00:00Z,Liverpool FC,Nottingham Forest FC,0,1
Premier League,2024,2024-09-14T14:00:00Z,Manchester City FC,Brentford FC,2,1
Premier League,2024,2024-09-14T16:30:00Z,Aston Villa FC,Everton FC,3,2
Premier League,2024,2024-09-14T19:00:00Z,AFC Bournemouth,Chelsea FC,0,1
Premier League,2024,2024-09-15T13:00:00Z,Tottenham Hotspur FC,Arsenal FC,0,1
Premier League,2024,2024-09-15T15:30:00Z,Wolverhampton Wanderers FC,Newcastle United FC,1,2
Premier League,2024,2024-09-21T11:30:00Z,West Ham United FC,Chelsea FC,0,3
Premier League,2024,2024-09-21T14:00:00Z,Aston Villa FC,Wolverhampton Wanderers FC,3,1
Premier League,2024,2024-09-21T14:00:00Z,Fulham FC,Newcastle United FC,3,1
Premier League,2024,2024-09-21T14:00:00Z,Leicester City FC,Everton FC,1,1
Premier League,2024,2024-09-21T14:00:00Z,Liverpool FC,AFC Bournemouth,3,0
Premier League,2024,2024-09-21T14:00:00Z,Southampton FC,Ipswich Town FC,1,1
Premier League,2024,2024-09-21T14:00:00Z,Tottenham Hotspur FC,Brentford FC,3,1
Premier League,2024,2024-09-21T16:30:00Z,Crystal Palace FC,Manchester United FC,0,0
Premier League,2024,2024-09-22T13:00:00Z,Brighton & Hove Albion FC,Nottingham Forest FC,2,2
Premier League,2024,2024-09-22T15:30:00Z,Manchester City FC,Arsenal FC,2,2
Premier League,2024,2024-09-28T11:30:00Z,Newcastle United FC,Manchester City FC,1,1
Premier League,2024,2024-09-28T14:00:00Z,Arsenal FC,Leicester City FC,4,2
Premier League,2024,2024-09-28T14:00:00Z,Brentford FC,West Ham United FC,1,1
Premier League,2024,2024-09-28T14:00:00Z,Chelsea FC,Brighton & Hove Albion FC,4,2
Premier League,2024,2024-09-28T14:00:00Z,Everton FC,Crystal Palace FC,2,1
Premier League,2024,2024-09-28T14:00:00Z,Nottingham Forest FC,Fulham FC,0,1
Premier League,2024,2024-09-28T16:30:00Z,Wolverhampton Wanderers FC,Liverpool FC,1,2
Premier League,2024,2024-09-29T13:00:00Z,Ipswich Town FC,Aston Villa FC,2,2
Premier League,2024,2024-09-29T15:30:00Z,Manchester United FC,Tottenham Hotspur FC,0,3
Premier League,2024,2024-09-30T19:00:00Z,AFC Bournemouth,Southampton FC,3,1
Premier League,2024,2024-10-05T11:30:00Z,Crystal Palace FC,Liverpool FC,0,1
Premier League,2024,2024-10-05T14:00:00Z,Arsenal FC,Southampton FC,3,1
Premier League,2024,2024-10-05T14:00:00Z,Brentford FC,Wolverhampton Wanderers FC,5,3
Premier League,2024,2024-10-05T14:00:00Z,Leicester City FC,AFC Bournemouth,1,0
Premier League,2024,2024-10-05T14:00:00Z,Manchester City FC,Fulham FC,3,2
Premier League,2024,2024-10-05T14:00:00Z,West Ham United FC,Ipswich Town FC,4,1
Premier League,2024,2024-10-05T16:30:00Z,Everton FC,Newcastle United FC,0,0
Premier League,2024,2024-10-06T13:00:00Z,Aston Villa FC,Manchester United FC,0,0
Premier League,2024,2024-10-06T13:00:00Z,Chelsea FC,Nottingham Forest FC,1,1
Premier League,2024,2024-10-06T15:30:00Z,Brighton & Hove Albion FC,Tottenham Hotspur FC,3,2
Premier League,2024,2024-10-19T11:30:00Z,Tottenham Hotspur FC,West Ham United FC,4,1
Premier League,2024,2024-10-19T14:00:00Z,Fulham FC,Aston Villa FC,1,3
Premier League,2024,2024-10-19T14:00:00Z,Ipswich Town FC,Everton FC,0,2
Premier League,2024,2024-10-19T14:00:00Z,Manchester United FC,Brentford FC,2,1
Premier League,2024,2024-10-19T14:00:00Z,Newcastle United FC,Brighton & Hove Albion FC,0,1
Premier League,2024,2024-10-19T14:00:00Z,Southampton FC,Leicester City FC,2,3
Premier League,2024,2024-10-19T16:30:00Z,AFC Bournemouth,Arsenal FC,2,0
Premier League,2024,2024-10-20T13:00:00Z,Wolverhampton Wanderers FC,Manchester City FC,1,2
Premier League,2024,2024-10-20T15:30:00Z,Liverpool FC,Chelsea FC,2,1
Premier League,2024,2024-10-21T19:00:00Z,Nottingham Forest FC,Crystal Palace FC,1,0
Premier League,2024,2024-10-25T19:00:00Z,Leicester City FC,Nottingham Forest FC,1,3
Premier League,2024,2024-10-26T14:00:00Z,Aston Villa FC,AFC Bournemouth,1,1
Premier League,2024,2024-10-26T14:00:00Z,Brentford FC,Ipswich Town FC,4,3
Premier League,2024,2024-10-26T14:00:00Z,Brighton & Hove Albion FC,Wolverhampton Wanderers FC,2,2
Premier League,2024,2024-10-26T14:00:00Z,Manchester City FC,Southampton FC,1,0
Premier League,2024,2024-10-26T16:30:00Z,Everton FC,Fulham FC,1,1
Premier League,2024,2024-10-27T14:00:00Z,Chelsea FC,Newcastle United FC,2,1
Premier League,2024,2024-10-27T14:00:00Z,Crystal Palace FC,Tottenham Hotspur FC,1,0
Premier League,2024,2024-10-27T14:00:00Z,West Ham United FC,Manchester United FC,2,1
Premier League,2024,2024-10-27T16:30:00Z,Arsenal FC,Liverpool FC,2,2
Premier League,2024,2024-11-02T12:30:00Z,Newcastle United FC,Arsenal FC,1,0
Premier League,2024,2024-11-02T15:00:00Z,AFC Bournemouth,Manchester City FC,2,1
Premier League,2024,2024-11-02T15:00:00Z,Ipswich Town FC,Leicester City FC,1,1
Premier League,2024,2024-11-02T15:00:00Z,Liverpool FC,Brighton & Hove Albion FC,2,1
Premier League,2024,2024-11-02T15:00:00Z,Nottingham Forest FC,West Ham United FC,3,0
Premier League,2024,2024-11-02T15:00:00Z,Southampton FC,Everton FC,1,0
Premier League,2024,2024-11-02T17:30:00Z,Wolverhampton Wanderers FC,Crystal Palace FC,2,2
Premier League,2024,2024-11-03T14:00:00Z,Tottenham Hotspur FC,Aston Villa FC,4,1
Premier League,2024,2024-11-03T16:30:00Z,Manchester United FC,Chelsea FC,1,1
Premier League,2024,2024-11-04T20:00:00Z,Fulham FC,Brentford FC,2,1
Premier League,2024,2024-11-09T15:00:00Z,Brentford FC,AFC Bournemouth,3,2
Premier League,2024,2024-11-09T15:00:00Z,Crystal Palace FC,Fulham FC,0,2
Premier League,2024,2024-11-09T15:00:00Z,West Ham United FC,Everton FC,0,0
Premier League,2024,2024-11-09T15:00:00Z,Wolverhampton Wanderers FC,Southampton FC,2,0
Premier League,2024,2024-11-09T17:30:00Z,Brighton & Hove Albion FC,Manchester City FC,2,1
Premier League,2024,2024-11-09T20:00:00Z,Liverpool FC,Aston Villa FC,2,0
Premier League,2024,2024-11-10T14:00:00Z,Manchester United FC,Leicester City FC,3,0
Premier League,2024,2024-11-10T14:00:00Z,Nottingham Forest FC,Newcastle United FC,1,3
Premier League,2024,2024-11-10T14:00:00Z,Tottenham Hotspur FC,Ipswich Town FC,1,2
Premier League,2024,2024-11-10T16:30:00Z,Chelsea FC,Arsenal FC,1,1
Premier League,2024,2024-11-23T12:30:00Z,Leicester City FC,Chelsea FC,1,2
Premier League,2024,2024-11-23T15:00:00Z,AFC Bournemouth,Brighton & Hove Albion FC,1,2
Premier League,2024,2024-11-23T15:00:00Z,Arsenal FC,Nottingham Forest FC,3,0
Premier League,2024,2024-11-23T15:00:00Z,Aston Villa FC,Crystal Palace FC,2,2
Premier League,2024,2024-11-23T15:00:00Z,Everton FC,Brentford FC,0,0
Premier League,2024,2024-11-23T15:00:00Z,Fulham FC,Wolverhampton Wanderers FC,1,4
Premier League,2024,2024-11-23T17:30:00Z,Manchester City FC,Tottenham Hotspur FC,0,4
Premier League,2024,2024-11-24T14:00:00Z,Southampton FC,Liverpool FC,2,3
Premier League,2024,2024-11-24T16:30:00Z,Ipswich Town FC,Manchester United FC,1,1
Premier League,2024,2024-11-25T20:00:00Z,Newcastle United FC,West Ham United FC,0,2
Premier League,2024,2024-11-29T20:00:00Z,Brighton & Hove Albion FC,Southampton FC,1,1
Premier League,2024,2024-11-30T15:00:00Z,Brentford FC,Leicester City FC,4,1
Premier League,2024,2024-11-30T15:00:00Z,Crystal Palace FC,Newcastle United FC,1,1
Premier League,2024,2024-11-30T15:00:00Z,Nottingham Forest FC,Ipswich Town FC,1,0
Premier League,2024,2024-11-30T15:00:00Z,Wolverhampton Wanderers FC,AFC Bournemouth,2,4
Premier League,2024,2024-11-30T17:30:00Z,West Ham United FC,Arsenal FC,2,5
Premier League,2024,2024-12-01T13:30:00Z,Chelsea FC,Aston Villa FC,3,0
Premier League,2024,2024-12-01T13:30:00Z,Manchester United FC,Everton FC,4,0
Premier League,2024,2024-12-01T13:30:00Z,Tottenham Hotspur FC,Fulham FC,1,1
Premier League,2024,2024-12-01T16:00:00Z,Liverpool FC,Manchester City FC,2,0
Premier League,2024,2024-12-03T19:30:00Z,Ipswich Town FC,Crystal Palace FC,0,1
Premier League,2024,2024-12-03T20:15:00Z,Leicester City FC,West Ham United FC,3,1
Premier League,2024,2024-12-04T19:30:00Z,Everton FC,Wolverhampton Wanderers FC,4,0
Premier League,2024,2024-12-04T19:30:00Z,Manchester City FC,Nottingham Forest FC,3,0
Premier League,2024,2024-12-04T19:30:00Z,Newcastle United FC,Liverpool FC,3,3
Premier League,2024,2024-12-04T19:30:00Z,Southampton FC,Chelsea FC,1,5
Premier League,2024,2024-12-04T20:15:00Z,Arsenal FC,Manchester United FC,2,0
Premier League,2024,2024-12-04T20:15:00Z,Aston Villa FC,Brentford FC,3,1
Premier League,2024,2024-12-05T19:30:00Z,Fulham FC,Brighton & Hove Albion FC,3,1
Premier League,2024,2024-12-05T20:15:00Z,AFC Bournemouth,Tottenham Hotspur FC,1,0
Premier League,2024,2024-12-07T15:00:00Z,Aston Villa FC,Southampton FC,1,0
Premier League,2024,2024-12-07T15:00:00Z,Brentford FC,Newcastle United FC,4,2
Premier League,2024,2024-12-07T15:00:00Z,Crystal Palace FC,Manchester City FC,2,2
Premier League,2024,2024-12-07T17:30:00Z,Manchester United FC,Nottingham Forest FC,2,3
Premier League,2024,2024-12-08T14:00:00Z,Fulham FC,Arsenal FC,1,1
Premier League,2024,2024-12-08T14:00:00Z,Ipswich Town FC,AFC Bournemouth,1,2
Premier League,2024,2024-12-08T14:00:00Z,Leicester City FC,Brighton & Hove Albion FC,2,2
Premier League,2024,2024-12-08T16:30:00Z,Tottenham Hotspur FC,Chelsea FC,3,4
Premier League,2024,2024-12-09T20:00:00Z,West Ham United FC,Wolverhampton Wanderers FC,2,1
Premier League,2024,2024-12-14T15:00:00Z,Arsenal FC,Everton FC,0,0
Premier League,2024,2024-12-14T15:00:00Z,Liverpool FC,Fulham FC,2,2
Premier League,2024,2024-12-14T15:00:00Z,Newcastle United FC,Leicester City FC,4,0
Premier League,2024,2024-12-14T15:00:00Z,Wolverhampton Wanderers FC,Ipswich Town FC,1,2
Premier League,2024,2024-12-14T17:30:00Z,Nottingham Forest FC,Aston Villa FC,2,1
Premier League,2024,2024-12-15T14:00:00Z,Brighton & Hove Albion FC,Crystal Palace FC,1,3
Premier League,2024,2024-12-15T16:30:00Z,Manchester City FC,Manchester United FC,1,2
Premier League,2024,2024-12-15T19:00:00Z,Chelsea FC,Brentford FC,2,1
Premier League,2024,2024-12-15T19:00:00Z,Southampton FC,Tottenham Hotspur FC,0,5
Premier League,2024,2024-12-16T20:00:00Z,AFC Bournemouth,West Ham United FC,1,1
Premier League,2024,2024-12-21T12:30:00Z,Aston Villa FC,Manchester City FC,2,1
Premier League,2024,2024-12-21T15:00:00Z,Brentford FC,Nottingham Forest FC,0,2
Premier League,2024,2024-12-21T15:00:00Z,Ipswich Town FC,Newcastle United FC,0,4
Premier League,2024,2024-12-21T15:00:00Z,West Ham United FC,Brighton & Hove Albion FC,1,1
Premier League,2024,2024-12-21T17:30:00Z,Crystal Palace FC,Arsenal FC,1,5
Premier League,2024,2024-12-22T14:00:00Z,Everton FC,Chelsea FC,0,0
Premier League,2024,2024-12-22T14:00:00Z,Fulham FC,Southampton FC,0,0
Premier League,2024,2024-12-22T14:00:00Z,Leicester City FC,Wolverhampton Wanderers FC,0,3
Premier League,2024,2024-12-22T14:00:00Z,Manchester United FC,AFC Bournemouth,0,3
Premier League,2024,2024-12-22T16:30:00Z,Tottenham Hotspur FC,Liverpool FC,3,6
Premier League,2024,2024-12-26T12:30:00Z,Manchester City FC,Everton FC,1,1
Premier League,2024,2024-12-26T15:00:00Z,AFC Bournemouth,Crystal Palace FC,0,0
Premier League,2024,2024-12-26T15:00:00Z,Chelsea FC,Fulham FC,1,2
Premier League,2024,2024-12-26T15:00:00Z,Newcastle United FC,Aston Villa FC,3,0
Premier League,2024,2024-12-26T15:00:00Z,Nottingham Forest FC,Tottenham Hotspur FC,1,0
Premier League,2024,2024-12-26T15:00:00Z,Southampton FC,West Ham United FC,0,1
Premier League,2024,2024-12-26T17:30:00Z,Wolverhampton Wanderers FC,Manchester United FC,2,0
Premier League,2024,2024-12-26T20:00:00Z,Liverpool FC,Leicester City FC,3,1
Premier League,2024,2024-12-27T19:30:00Z,Brighton & Hove Albion FC,Brentford FC,0,0
Premier League,2024,2024-12-27T20:15:00Z,Arsenal FC,Ipswich Town FC,1,0
Premier League,2024,2024-12-29T14:30:00Z,Leicester City FC,Manchester City FC,0,2
Premier League,2024,2024-12-29T15:00:00Z,Crystal Palace FC,Southampton FC,2,1
Premier League,2024,2024-12-29T15:00:00Z,Everton FC,Nottingham Forest FC,0,2
Premier League,2024,2024-12-29T15:00:00Z,Fulham FC,AFC Bournemouth,2,2
Premier League,2024,2024-12-29T15:00:00Z,Tottenham Hotspur FC,Wolverhampton Wanderers FC,2,2
Premier League,2024,2024-12-29T17:15:00Z,West Ham United FC,Liverpool FC,0,5
Premier League,2024,2024-12-30T19:45:00Z,Aston Villa FC,Brighton & Hove Albion FC,2,2
Premier League,2024,2024-12-30T19:45:00Z,Ipswich Town FC,Chelsea FC,2,0
Premier League,2024,2024-12-30T20:00:00Z,Manchester United FC,Newcastle United FC,0,2
Premier League,2024,2025-01-01T17:30:00Z,Brentford FC,Arsenal FC,1,3
Premier League,2024,2025-01-04T12:30:00Z,Tottenham Hotspur FC,Newcastle United FC,1,2
Premier League,2024,2025-01-04T15:00:00Z,Southampton FC,Brentford FC,0,5
Premier League,2024,2025-01-04T15:00:00Z,Crystal Palace FC,Chelsea FC,1,1
Premier League,2024,2025-01-04T15:00:00Z,AFC Bournemouth,Everton FC,1,0
Premier League,2024,2025-01-04T15:00:00Z,Aston Villa FC,Leicester City FC,2,1
Premier League,2024,2025-01-04T15:00:00Z,Manchester City FC,West Ham United FC,4,1
Premier League,2024,2025-01-04T17:30:00Z,Brighton & Hove Albion FC,Arsenal FC,1,1
Premier League,2024,2025-01-05T14:00:00Z,Fulham FC,Ipswich Town FC,2,2
Premier League,2024,2025-01-05T16:30:00Z,Liverpool FC,Manchester United FC,2,2
Premier League,2024,2025-01-06T20:00:00Z,Wolverhampton Wanderers FC,Nottingham Forest FC,0,3
Premier League,2024,2025-01-14T19:30:00Z,West Ham United FC,Fulham FC,3,2
Premier League,2024,2025-01-14T19:30:00Z,Brentford FC,Manchester City FC,2,2
Premier League,2024,2025-01-14T19:30:00Z,Chelsea FC,AFC Bournemouth,2,2
Premier League,2024,2025-01-14T20:00:00Z,Nottingham Forest FC,Liverpool FC,1,1
Premier League,2024,2025-01-15T19:30:00Z,Everton FC,Aston Villa FC,0,1
Premier League,2024,2025-01-15T19:30:00Z,Leicester City FC,Crystal Palace FC,0,2
Premier League,2024,2025-01-15T19:30:00Z,Newcastle United FC,Wolverhampton Wanderers FC,3,0
Premier League,2024,2025-01-15T20:00:00Z,Arsenal FC,Tottenham Hotspur FC,2,1
Premier League,2024,2025-01-16T19:30:00Z,Ipswich Town FC,Brighton & Hove Albion FC,0,2
Premier League,2024,2025-01-16T20:00:00Z,Manchester United FC,Southampton FC,3,1
Premier League,2024,2025-01-18T12:30:00Z,Newcastle United FC,AFC Bournemouth,1,4
Premier League,2024,2025-01-18T15:00:00Z,West Ham United FC,Crystal Palace FC,0,2
Premier League,2024,2025-01-18T15:00:00Z,Leicester City FC,Fulham FC,0,2
Premier League,2024,2025-01-18T15:00:00Z,Brentford FC,Liverpool FC,0,2
Premier League,2024,2025-01-18T17:30:00Z,Arsenal FC,Aston Villa FC,2,2
Premier League,2024,2025-01-19T14:00:00Z,Manchester United FC,Brighton & Hove Albion FC,1,3
Premier League,2024,2025-01-19T14:00:00Z,Nottingham Forest FC,Southampton FC,3,2
Premier League,2024,2025-01-19T14:00:00Z,Everton FC,Tottenham Hotspur FC,3,2
Premier League,2024,2025-01-19T16:30:00Z,Ipswich Town FC,Manchester City FC,0,6
Premier League,2024,2025-01-20T20:00:00Z,Chelsea FC,Wolverhampton Wanderers FC,3,1
Premier League,2024,2025-01-25T15:00:00Z,Liverpool FC,Ipswich Town FC,4,1
Premier League,2024,2025-01-25T15:00:00Z,Wolverhampton Wanderers FC,Arsenal FC,0,1
Premier League,2024,2025-01-25T15:00:00Z,Brighton & Hove Albion FC,Everton FC,0,1
Premier League,2024,2025-01-25T15:00:00Z,Southampton FC,Newcastle United FC,1,3
Premier League,2024,2025-01-25T15:00:00Z,AFC Bournemouth,Nottingham Forest FC,5,0
Premier League,2024,2025-01-25T17:30:00Z,Manchester City FC,Chelsea FC,3,1
Premier League,2024,2025-01-26T14:00:00Z,Crystal Palace FC,Brentford FC,1,2
Premier League,2024,2025-01-26T14:00:00Z,Tottenham Hotspur FC,Leicester City FC,1,2
Premier League,2024,2025-01-26T16:30:00Z,Aston Villa FC,West Ham United FC,1,1
Premier League,2024,2025-01-26T19:00:00Z,Fulham FC,Manchester United FC,0,1
Premier League,2024,2025-02-01T12:30:00Z,Nottingham Forest FC,Brighton & Hove Albion FC,7,0
Premier League,2024,2025-02-01T15:00:00Z,Newcastle United FC,Fulham FC,1,2
Premier League,2024,2025-02-01T15:00:00Z,Everton FC,Leicester City FC,4,0
Premier League,2024,2025-02-01T15:00:00Z,AFC Bournemouth,Liverpool FC,0,2
Premier League,2024,2025-02-01T15:00:00Z,Ipswich Town FC,Southampton FC,1,2
Premier League,2024,2025-02-01T17:30:00Z,Wolverhampton Wanderers FC,Aston Villa FC,2,0
Premier League,2024,2025-02-02T14:00:00Z,Manchester United FC,Crystal Palace FC,0,2
Premier League,2024,2025-02-02T14:00:00Z,Brentford FC,Tottenham Hotspur FC,0,2
Premier League,2024,2025-02-02T16:30:00Z,Arsenal FC,Manchester City FC,5,1
Premier League,2024,2025-02-03T20:00:00Z,Chelsea FC,West Ham United FC,2,1
Premier League,2024,2025-02-12T19:30:00Z,Everton FC,Liverpool FC,2,2
Premier League,2024,2025-02-14T20:00:00Z,Brighton & Hove Albion FC,Chelsea FC,3,0
Premier League,2024,2025-02-15T12:30:00Z,Leicester City FC,Arsenal FC,0,2
Premier League,2024,2025-02-15T15:00:00Z,Southampton FC,AFC Bournemouth,1,3
Premier League,2024,2025-02-15T15:00:00Z,West Ham United FC,Brentford FC,0,1
Premier League,2024,2025-02-15T15:00:00Z,Aston Villa FC,Ipswich Town FC,1,1
Premier League,2024,2025-02-15T15:00:00Z,Manchester City FC,Newcastle United FC,4,0
Premier League,2024,2025-02-15T15:00:00Z,Fulham FC,Nottingham Forest FC,2,1
Premier League,2024,2025-02-15T17:30:00Z,Crystal Palace FC,Everton FC,1,2
Premier League,2024,2025-02-16T14:00:00Z,Liverpool FC,Wolverhampton Wanderers FC,2,1
Premier League,2024,2025-02-16T16:30:00Z,Tottenham Hotspur FC,Manchester United FC,1,0
Premier League,2024,2025-02-19T19:30:00Z,Aston Villa FC,Liverpool FC,2,2
Premier League,2024,2025-02-21T20:00:00Z,Leicester City FC,Brentford FC,0,4
Premier League,2024,2025-02-22T12:30:00Z,Everton FC,Manchester United FC,2,2
Premier League,2024,2025-02-22T15:00:00Z,Ipswich Town FC,Tottenham Hotspur FC,1,4
Premier League,2024,2025-02-22T15:00:00Z,Fulham FC,Crystal Palace FC,0,2
Premier League,2024,2025-02-22T15:00:00Z,Arsenal FC,West Ham United FC,0,1
Premier League,2024,2025-02-22T15:00:00Z,AFC Bournemouth,Wolverhampton Wanderers FC,0,1
Premier League,2024,2025-02-22T15:00:00Z,Southampton FC,Brighton & Hove Albion FC,0,4
Premier League,2024,2025-02-22T17:30:00Z,Aston Villa FC,Chelsea FC,2,1
Premier League,2024,2025-02-23T14:00:00Z,Newcastle United FC,Nottingham Forest FC,4,3
Premier League,2024,2025-02-23T16:30:00Z,Manchester City FC,Liverpool FC,0,2
Premier League,2024,2025-02-25T19:30:00Z,Brighton & Hove Albion FC,AFC Bournemouth,2,1
Premier League,2024,2025-02-25T19:30:00Z,Crystal Palace FC,Aston Villa FC,4,1
Premier League,2024,2025-02-25T19:30:00Z,Wolverhampton Wanderers FC,Fulham FC,1,2
Premier League,2024,2025-02-25T20:15:00Z,Chelsea FC,Southampton FC,4,0
Premier League,2024,2025-02-26T19:30:00Z,Nottingham Forest FC,Arsenal FC,0,0
Premier League,2024,2025-02-26T19:30:00Z,Brentford FC,Everton FC,1,1
Premier League,2024,2025-02-26T19:30:00Z,Tottenham Hotspur FC,Manchester City FC,0,1
Premier League,2024,2025-02-26T19:30:00Z,Manchester United FC,Ipswich Town FC,3,2
Premier League,2024,2025-02-26T20:15:00Z,Liverpool FC,Newcastle United FC,2,0
Premier League,2024,2025-02-27T20:00:00Z,West Ham United FC,Leicester City FC,2,0
Premier League,2024,2025-03-08T12:30:00Z,Nottingham Forest FC,Manchester City FC,1,0
Premier League,2024,2025-03-08T15:00:00Z,Brighton & Hove Albion FC,Fulham FC,2,1
Premier League,2024,2025-03-08T15:00:00Z,Crystal Palace FC,Ipswich Town FC,1,0
Premier League,2024,2025-03-08T15:00:00Z,Liverpool FC,Southampton FC,3,1
Premier League,2024,2025-03-08T17:30:00Z,Brentford FC,Aston Villa FC,0,1
Premier League,2024,2025-03-08T20:00:00Z,Wolverhampton Wanderers FC,Everton FC,1,1
Premier League,2024,2025-03-09T14:00:00Z,Tottenham Hotspur FC,AFC Bournemouth,2,2
Premier League,2024,2025-03-09T14:00:00Z,Chelsea FC,Leicester City FC,1,0
Premier League,2024,2025-03-09T16:30:00Z,Manchester United FC,Arsenal FC,1,1
Premier League,2024,2025-03-10T20:00:00Z,West Ham United FC,Newcastle United FC,0,1
Premier League,2024,2025-03-15T15:00:00Z,Everton FC,West Ham United FC,1,1
Premier League,2024,2025-03-15T15:00:00Z,Ipswich Town FC,Nottingham Forest FC,2,4
Premier League,2024,2025-03-15T15:00:00Z,Manchester City FC,Brighton & Hove Albion FC,2,2
Premier League,2024,2025-03-15T15:00:00Z,Southampton FC,Wolverhampton Wanderers FC,1,2
Premier League,2024,2025-03-15T17:30:00Z,AFC Bournemouth,Brentford FC,1,2
Premier League,2024,2025-03-16T13:30:00Z,Arsenal FC,Chelsea FC,1,0
Premier League,2024,2025-03-16T13:30:00Z,Fulham FC,Tottenham Hotspur FC,2,0
Premier League,2024,2025-03-16T19:00:00Z,Leicester City FC,Manchester United FC,0,3
Premier League,2024,2025-04-01T18:45:00Z,Arsenal FC,Fulham FC,2,1
Premier League,2024,2025-04-01T18:45:00Z,Wolverhampton Wanderers FC,West Ham United FC,1,0
Premier League,2024,2025-04-01T19:00:00Z,Nottingham Forest FC,Manchester United FC,1,0
Premier League,2024,2025-04-02T18:45:00Z,AFC Bournemouth,Ipswich Town FC,1,2
Premier League,2024,2025-04-02T18:45:00Z,Brighton & Hove Albion FC,Aston Villa FC,0,3
Premier League,2024,2025-04-02T18:45:00Z,Manchester City FC,Leicester City FC,2,0
Premier League,2024,2025-04-02T18:45:00Z,Newcastle United FC,Brentford FC,2,1
Premier League,2024,2025-04-02T18:45:00Z,Southampton FC,Crystal Palace FC,1,1
Premier League,2024,2025-04-02T19:00:00Z,Liverpool FC,Everton FC,1,0
Premier League,2024,2025-04-03T19:00:00Z,Chelsea FC,Tottenham Hotspur FC,1,0
Premier League,2024,2025-04-05T11:30:00Z,Everton FC,Arsenal FC,1,1
Premier League,2024,2025-04-05T14:00:00Z,Crystal Palace FC,Brighton & Hove Albion FC,2,1
Premier League,2024,2025-04-05T14:00:00Z,Ipswich Town FC,Wolverhampton Wanderers FC,1,2
Premier League,2024,2025-04-05T14:00:00Z,West Ham United FC,AFC Bournemouth,2,2
Premier League,2024,2025-04-05T16:30:00Z,Aston Villa FC,Nottingham Forest FC,2,1
Premier League,2024,2025-04-06T13:00:00Z,Brentford FC,Chelsea FC,0,0
Premier League,2024,2025-04-06T13:00:00Z,Fulham FC,Liverpool FC,3,2
Premier League,2024,2025-04-06T13:00:00Z,Tottenham Hotspur FC,Southampton FC,3,1
Premier League,2024,2025-04-06T15:30:00Z,Manchester United FC,Manchester City FC,0,0
Premier League,2024,2025-04-07T19:00:00Z,Leicester City FC,Newcastle United FC,0,3
Premier League,2024,2025-04-12T11:30:00Z,Manchester City FC,Crystal Palace FC,5,2
Premier League,2024,2025-04-12T14:00:00Z,Brighton & Hove Albion FC,Leicester City FC,2,2
Premier League,2024,2025-04-12T14:00:00Z,Nottingham Forest FC,Everton FC,0,1
Premier League,2024,2025-04-12T14:00:00Z,Southampton FC,Aston Villa FC,0,3
Premier League,2024,2025-04-12T16:30:00Z,Arsenal FC,Brentford FC,1,1
Premier League,2024,2025-04-13T13:00:00Z,Chelsea FC,Ipswich Town FC,2,2
Premier League,2024,2025-04-13T13:00:00Z,Liverpool FC,West Ham United FC,2,1
Premier League,2024,2025-04-13T13:00:00Z,Wolverhampton Wanderers FC,Tottenham Hotspur FC,4,2
Premier League,2024,2025-04-13T15:30:00Z,Newcastle United FC,Manchester United FC,4,1
Premier League,2024,2025-04-14T19:00:00Z,AFC Bournemouth,Fulham FC,1,0
Premier League,2024,2025-04-16T18:30:00Z,Newcastle United FC,Crystal Palace FC,5,0
Premier League,2024,2025-04-19T14:00:00Z,Brentford FC,Brighton & Hove Albion FC,4,2
Premier League,2024,2025-04-19T14:00:00Z,Crystal Palace FC,AFC Bournemouth,0,0
Premier League,2024,2025-04-19T14:00:00Z,Everton FC,Manchester City FC,0,2
Premier League,2024,2025-04-19T14:00:00Z,West Ham United FC,Southampton FC,1,1
Premier League,2024,2025-04-19T16:30:00Z,Aston Villa FC,Newcastle United FC,4,1
Premier League,2024,2025-04-20T13:00:00Z,Fulham FC,Chelsea FC,1,2
Premier League,2024,2025-04-20T13:00:00Z,Ipswich Town FC,Arsenal FC,0,4
Premier League,2024,2025-04-20T13:00:00Z,Manchester United FC,Wolverhampton Wanderers FC,0,1
Premier League,2024,2025-04-20T15:30:00Z,Leicester City FC,Liverpool FC,0,1
Premier League,2024,2025-04-21T19:00:00Z,Tottenham Hotspur FC,Nottingham Forest FC,1,2
Premier League,2024,2025-04-22T19:00:00Z,Manchester City FC,Aston Villa FC,2,1
Premier League,2024,2025-04-23T19:00:00Z,Arsenal FC,Crystal Palace FC,2,2
Premier League,2024,2025-04-26T11:30:00Z,Chelsea FC,Everton FC,1,0
Premier League,2024,2025-04-26T14:00:00Z,Brighton & Hove Albion FC,West Ham United FC,3,2
Premier League,2024,2025-04-26T14:00:00Z,Newcastle United FC,Ipswich Town FC,3,0
Premier League,2024,2025-04-26T14:00:00Z,Southampton FC,Fulham FC,1,2
Premier League,2024,2025-04-26T14:00:00Z,Wolverhampton Wanderers FC,Leicester City FC,3,0
Premier League,2024,2025-04-27T13:00:00Z,AFC Bournemouth,Manchester United FC,1,1
Premier League,2024,2025-04-27T15:30:00Z,Liverpool FC,Tottenham Hotspur FC,5,1
Premier League,2024,2025-05-01T18:30:00Z,Nottingham Forest FC,Brentford FC,0,2
Premier League,2024,2025-05-02T19:00:00Z,Manchester City FC,Wolverhampton Wanderers FC,1,0
Premier League,2024,2025-05-03T11:30:00Z,Aston Villa FC,Fulham FC,1,0
Premier League,2024,2025-05-03T14:00:00Z,Everton FC,Ipswich Town FC,2,2
Premier League,2024,2025-05-03T14:00:00Z,Leicester City FC,Southampton FC,2,0
Premier League,2024,2025-05-03T16:30:00Z,Arsenal FC,AFC Bournemouth,1,2
Premier League,2024,2025-05-04T13:00:00Z,Brentford FC,Manchester United FC,4,3
Premier League,2024,2025-05-04T13:00:00Z,Brighton & Hove Albion FC,Newcastle United FC,1,1
Premier League,2024,2025-05-04T13:00:00Z,West Ham United FC,Tottenham Hotspur FC,1,1
Premier League,2024,2025-05-04T15:30:00Z,Chelsea FC,Liverpool FC,3,1
Premier League,2024,2025-05-05T19:00:00Z,Crystal Palace FC,Nottingham Forest FC,1,1
Premier League,2024,2025-05-10T14:00:00Z,Fulham FC,Everton FC,1,3
Premier League,2024,2025-05-10T14:00:00Z,Ipswich Town FC,Brentford FC,0,1
Premier League,2024,2025-05-10T14:00:00Z,Southampton FC,Manchester City FC,0,0
Premier League,2024,2025-05-10T14:00:00Z,Wolverhampton Wanderers FC,Brighton & Hove Albion FC,0,2
Premier League,2024,2025-05-10T16:30:00Z,AFC Bournemouth,Aston Villa FC,0,1
Premier League,2024,2025-05-11T11:00:00Z,Newcastle United FC,Chelsea FC,2,0
Premier League,2024,2025-05-11T13:15:00Z,Manchester United FC,West Ham United FC,0,2
Premier League,2024,2025-05-11T13:15:00Z,Nottingham Forest FC,Leicester City FC,2,2
Premier League,2024,2025-05-11T13:15:00Z,Tottenham Hotspur FC,Crystal Palace FC,0,2
Premier League,2024,2025-05-11T15:30:00Z,Liverpool FC,Arsenal FC,2,2
Premier League,2024,2025-05-16T18:30:00Z,Aston Villa FC,Tottenham Hotspur FC,2,0
Premier League,2024,2025-05-16T19:15:00Z,Chelsea FC,Manchester United FC,1,0
Premier League,2024,2025-05-18T11:00:00Z,Everton FC,Southampton FC,2,0
Premier League,2024,2025-05-18T13:15:00Z,West Ham United FC,Nottingham Forest FC,1,2
Premier League,2024,2025-05-18T14:00:00Z,Brentford FC,Fulham FC,2,3
Premier League,2024,2025-05-18T14:00:00Z,Leicester City FC,Ipswich Town FC,2,0
Premier League,2024,2025-05-18T15:30:00Z,Arsenal FC,Newcastle United FC,1,0
Premier League,2024,2025-05-19T19:00:00Z,Brighton & Hove Albion FC,Liverpool FC,3,2
Premier League,2024,2025-05-20T19:00:00Z,Crystal Palace FC,Wolverhampton Wanderers FC,4,2
Premier League,2024,2025-05-20T19:00:00Z,Manchester City FC,AFC Bournemouth,3,1
Premier League,2024,2025-05-25T15:00:00Z,AFC Bournemouth,Leicester City FC,2,0
Premier League,2024,2025-05-25T15:00:00Z,Fulham FC,Manchester City FC,0,2
Premier League,2024,2025-05-25T15:00:00Z,Ipswich Town FC,West Ham United FC,1,3
Premier League,2024,2025-05-25T15:00:00Z,Liverpool FC,Crystal Palace FC,1,1
Premier League,2024,2025-05-25T15:00:00Z,Manchester United FC,Aston Villa FC,2,0
Premier League,2024,2025-05-25T15:00:00Z,Newcastle United FC,Everton FC,0,1
Premier League,2024,2025-05-25T15:00:00Z,Nottingham Forest FC,Chelsea FC,0,1
Premier League,2024,2025-05-25T15:00:00Z,Southampton FC,Arsenal FC,1,2
Premier League,2024,2025-05-25T15:00:00Z,Tottenham Hotspur FC,Brighton & Hove Albion FC,1,4
Premier League,2024,2025-05-25T15:00:00Z,Wolverhampton Wanderers FC,Brentford FC,1,1
La Liga,2023,2023-08-11T17:30:00Z,UD Almería,Rayo Vallecano de Madrid,0,2
La Liga,2023,2023-08-11T20:00:00Z,Sevilla FC,Valencia CF,1,2
La Liga,2023,2023-08-12T15:00:00Z,Real Sociedad de Fútbol,Girona FC,1,1
La Liga,2023,2023-08-12T17:30:00Z,UD Las Palmas,RCD Mallorca,1,1
La Liga,2023,2023-08-12T19:30:00Z,Athletic Club,Real Madrid CF,0,2
La Liga,2023,2023-08-13T15:00:00Z,RC Celta de Vigo,CA Osasuna,0,2
La Liga,2023,2023-08-13T17:30:00Z,Villarreal CF,Real Betis Balompié,1,2
La Liga,2023,2023-08-13T19:30:00Z,Getafe CF,FC Barcelona,0,0
La Liga,2023,2023-08-14T17:30:00Z,Cádiz CF,Deportivo Alavés,1,0
La Liga,2023,2023-08-14T19:30:00Z,Club Atlético de Madrid,Granada CF,3,1
La Liga,2023,2023-08-18T17:30:00Z,RCD Mallorca,Villarreal CF,0,1
La Liga,2023,2023-08-18T19:30:00Z,Valencia CF,UD Las Palmas,1,0
La Liga,2023,2023-08-19T15:00:00Z,Real Sociedad de Fútbol,RC Celta de Vigo,1,1
La Liga,2023,2023-08-19T17:30:00Z,UD Almería,Real Madrid CF,1,3
La Liga,2023,2023-08-19T19:30:00Z,CA Osasuna,Athletic Club,0,2
La Liga,2023,2023-08-20T17:00:00Z,Girona FC,Getafe CF,3,0
La Liga,2023,2023-08-20T17:30:00Z,FC Barcelona,Cádiz CF,2,0
La Liga,2023,2023-08-20T19:30:00Z,Real Betis Balompié,Club Atlético de Madrid,0,0
La Liga,2023,2023-08-21T17:00:00Z,Deportivo Alavés,Sevilla FC,4,3
La Liga,2023,2023-08-21T19:30:00Z,Granada CF,Rayo Vallecano de Madrid,0,2
La Liga,2023,2023-08-25T17:30:00Z,UD Las Palmas,Real Sociedad de Fútbol,0,0
La Liga,2023,2023-08-25T19:30:00Z,RC Celta de Vigo,Real Madrid CF,0,1
La Liga,2023,2023-08-26T17:00:00Z,Cádiz CF,UD Almería,1,1
La Liga,2023,2023-08-26T17:30:00Z,Granada CF,RCD Mallorca,3,2
La Liga,2023,2023-08-26T19:30:00Z,Sevilla FC,Girona FC,1,2
La Liga,2023,2023-08-27T15:30:00Z,Villarreal CF,FC Barcelona,3,4
La Liga,2023,2023-08-27T17:30:00Z,Valencia CF,CA Osasuna,1,2
La Liga,2023,2023-08-27T19:30:00Z,Athletic Club,Real Betis Balompié,4,2
La Liga,2023,2023-08-28T17:30:00Z,Getafe CF,Deportivo Alavés,1,0
La Liga,2023,2023-08-28T19:30:00Z,Rayo Vallecano de Madrid,Club Atlético de Madrid,0,7
La Liga,2023,2023-09-01T17:30:00Z,Cádiz CF,Villarreal CF,3,1
La Liga,2023,2023-09-01T20:00:00Z,UD Almería,RC Celta de Vigo,2,3
La Liga,2023,2023-09-02T12:00:00Z,Real Sociedad de Fútbol,Granada CF,5,3
La Liga,2023,2023-09-02T14:15:00Z,Real Madrid CF,Getafe CF,2,1
La Liga,2023,2023-09-02T16:30:00Z,Deportivo Alavés,Valencia CF,1,0
La Liga,2023,2023-09-02T19:00:00Z,Real Betis Balompié,Rayo Vallecano de Madrid,1,0
La Liga,2023,2023-09-03T12:00:00Z,Girona FC,UD Las Palmas,1,0
La Liga,2023,2023-09-03T14:15:00Z,RCD Mallorca,Athletic Club,0,0
La Liga,2023,2023-09-03T19:00:00Z,CA Osasuna,FC Barcelona,1,2
La Liga,2023,2023-09-15T19:00:00Z,Rayo Vallecano de Madrid,Deportivo Alavés,2,0
La Liga,2023,2023-09-16T12:00:00Z,Athletic Club,Cádiz CF,3,0
La Liga,2023,2023-09-16T14:15:00Z,Valencia CF,Club Atlético de Madrid,3,0
La Liga,2023,2023-09-16T16:30:00Z,RC Celta de Vigo,RCD Mallorca,0,1
La Liga,2023,2023-09-16T19:00:00Z,FC Barcelona,Real Betis Balompié,5,0
La Liga,2023,2023-09-17T12:00:00Z,Getafe CF,CA Osasuna,3,2
La Liga,2023,2023-09-17T14:15:00Z,Villarreal CF,UD Almería,2,1
La Liga,2023,2023-09-17T16:30:00Z,Sevilla FC,UD Las Palmas,1,0
La Liga,2023,2023-09-17T19:00:00Z,Real Madrid CF,Real Sociedad de Fútbol,2,1
La Liga,2023,2023-09-18T19:00:00Z,Granada CF,Girona FC,2,4
La Liga,2023,2023-09-22T19:00:00Z,Deportivo Alavés,Athletic Club,0,2
La Liga,2023,2023-09-23T12:00:00Z,Girona FC,RCD Mallorca,5,3
La Liga,2023,2023-09-23T14:15:00Z,CA Osasuna,Sevilla FC,0,0
La Liga,2023,2023-09-23T16:30:00Z,FC Barcelona,RC Celta de Vigo,3,2
La Liga,2023,2023-09-23T19:00:00Z,UD Almería,Valencia CF,2,2
La Liga,2023,2023-09-24T12:00:00Z,Real Sociedad de Fútbol,Getafe CF,4,3
La Liga,2023,2023-09-24T14:15:00Z,Rayo Vallecano de Madrid,Villarreal CF,1,1
La Liga,2023,2023-09-24T16:30:00Z,UD Las Palmas,Granada CF,1,0
La Liga,2023,2023-09-24T16:30:00Z,Real Betis Balompié,Cádiz CF,1,1
La Liga,2023,2023-09-24T19:00:00Z,Club Atlético de Madrid,Real Madrid CF,3,1
La Liga,2023,2023-09-26T17:00:00Z,Sevilla FC,UD Almería,5,1
La Liga,2023,2023-09-26T19:30:00Z,RCD Mallorca,FC Barcelona,2,2
La Liga,2023,2023-09-27T17:00:00Z,Athletic Club,Getafe CF,2,2
La Liga,2023,2023-09-27T17:00:00Z,Villarreal CF,Girona FC,1,2
La Liga,2023,2023-09-27T17:00:00Z,Real Madrid CF,UD Las Palmas,2,0
La Liga,2023,2023-09-27T19:30:00Z,Cádiz CF,Rayo Vallecano de Madrid,0,0
La Liga,2023,2023-09-27T19:30:00Z,Valencia CF,Real Sociedad de Fútbol,0,1
La Liga,2023,2023-09-28T17:00:00Z,RC Celta de Vigo,Deportivo Alavés,1,1
La Liga,2023,2023-09-28T17:00:00Z,Granada CF,Real Betis Balompié,1,1
La Liga,2023,2023-09-28T19:30:00Z,CA Osasuna,Club Atlético de Madrid,0,2
La Liga,2023,2023-09-29T19:00:00Z,FC Barcelona,Sevilla FC,1,0
La Liga,2023,2023-09-30T12:00:00Z,Getafe CF,Villarreal CF,0,0
La Liga,2023,2023-09-30T14:15:00Z,Rayo Vallecano de Madrid,RCD Mallorca,2,2
La Liga,2023,2023-09-30T16:30:00Z,Girona FC,Real Madrid CF,0,3
La Liga,2023,2023-09-30T19:00:00Z,Real Sociedad de Fútbol,Athletic Club,3,0
La Liga,2023,2023-10-01T12:00:00Z,UD Almería,Granada CF,3,3
La Liga,2023,2023-10-01T14:15:00Z,Deportivo Alavés,CA Osasuna,0,2
La Liga,2023,2023-10-01T19:00:00Z,Club Atlético de Madrid,Cádiz CF,3,2
La Liga,2023,2023-10-01T19:00:00Z,Real Betis Balompié,Valencia CF,3,0
La Liga,2023,2023-10-02T19:00:00Z,UD Las Palmas,RC Celta de Vigo,2,1
La Liga,2023,2023-10-06T19:00:00Z,Athletic Club,UD Almería,3,0
La Liga,2023,2023-10-07T12:00:00Z,Cádiz CF,Girona FC,0,1
La Liga,2023,2023-10-07T14:15:00Z,Real Madrid CF,CA Osasuna,4,0
La Liga,2023,2023-10-07T16:30:00Z,RCD Mallorca,Valencia CF,1,1
La Liga,2023,2023-10-07T19:00:00Z,Sevilla FC,Rayo Vallecano de Madrid,2,2
La Liga,2023,2023-10-08T12:00:00Z,Villarreal CF,UD Las Palmas,1,2
La Liga,2023,2023-10-08T14:15:00Z,Club Atlético de Madrid,Real Sociedad de Fútbol,2,1
La Liga,2023,2023-10-08T16:30:00Z,RC Celta de Vigo,Getafe CF,2,2
La Liga,2023,2023-10-08T16:30:00Z,Deportivo Alavés,Real Betis Balompié,1,1
La Liga,2023,2023-10-08T19:00:00Z,Granada CF,FC Barcelona,2,2
La Liga,2023,2023-10-20T19:00:00Z,CA Osasuna,Granada CF,2,0
La Liga,2023,2023-10-21T12:00:00Z,Real Sociedad de Fútbol,RCD Mallorca,1,0
La Liga,2023,2023-10-21T14:15:00Z,Getafe CF,Real Betis Balompié,1,1
La Liga,2023,2023-10-21T16:30:00Z,Sevilla FC,Real Madrid CF,1,1
La Liga,2023,2023-10-21T19:00:00Z,RC Celta de Vigo,Club Atlético de Madrid,0,3
La Liga,2023,2023-10-22T12:00:00Z,UD Las Palmas,Rayo Vallecano de Madrid,0,1
La Liga,2023,2023-10-22T14:15:00Z,Girona FC,UD Almería,5,2
La Liga,2023,2023-10-22T16:30:00Z,Villarreal CF,Deportivo Alavés,1,1
La Liga,2023,2023-10-22T19:00:00Z,FC Barcelona,Athletic Club,1,0
La Liga,2023,2023-10-23T19:00:00Z,Valencia CF,Cádiz CF,2,0
La Liga,2023,2023-10-27T19:00:00Z,Girona FC,RC Celta de Vigo,1,0
La Liga,2023,2023-10-28T12:00:00Z,UD Almería,UD Las Palmas,1,2
La Liga,2023,2023-10-28T14:15:00Z,FC Barcelona,Real Madrid CF,1,2
La Liga,2023,2023-10-28T16:30:00Z,RCD Mallorca,Getafe CF,0,0
La Liga,2023,2023-10-28T19:00:00Z,Cádiz CF,Sevilla FC,2,2
La Liga,2023,2023-10-29T13:00:00Z,Real Betis Balompié,CA Osasuna,2,1
La Liga,2023,2023-10-29T15:15:00Z,Rayo Vallecano de Madrid,Real Sociedad de Fútbol,2,2
La Liga,2023,2023-10-29T17:30:00Z,Athletic Club,Valencia CF,2,2
La Liga,2023,2023-10-29T20:00:00Z,Club Atlético de Madrid,Deportivo Alavés,2,1
La Liga,2023,2023-10-30T20:00:00Z,Granada CF,Villarreal CF,2,3
La Liga,2023,2023-11-03T20:00:00Z,UD Las Palmas,Club Atlético de Madrid,2,1
La Liga,2023,2023-11-04T13:00:00Z,CA Osasuna,Girona FC,2,4
La Liga,2023,2023-11-04T15:15:00Z,Real Betis Balompié,RCD Mallorca,2,0
La Liga,2023,2023-11-04T17:30:00Z,RC Celta de Vigo,Sevilla FC,1,1
La Liga,2023,2023-11-04T20:00:00Z,Real Sociedad de Fútbol,FC Barcelona,0,1
La Liga,2023,2023-11-05T13:00:00Z,Deportivo Alavés,UD Almería,1,0
La Liga,2023,2023-11-05T15:15:00Z,Valencia CF,Granada CF,1,0
La Liga,2023,2023-11-05T17:30:00Z,Villarreal CF,Athletic Club,2,3
La Liga,2023,2023-11-05T20:00:00Z,Real Madrid CF,Rayo Vallecano de Madrid,0,0
La Liga,2023,2023-11-06T20:00:00Z,Getafe CF,Cádiz CF,1,0
La Liga,2023,2023-11-10T20:00:00Z,Athletic Club,RC Celta de Vigo,4,3
La Liga,2023,2023-11-11T13:00:00Z,Rayo Vallecano de Madrid,Girona FC,1,2
La Liga,2023,2023-11-11T15:15:00Z,UD Almería,Real Sociedad de Fútbol,1,3
La Liga,2023,2023-11-11T17:30:00Z,CA Osasuna,UD Las Palmas,1,1
La Liga,2023,2023-11-11T17:30:00Z,Granada CF,Getafe CF,1,1
La Liga,2023,2023-11-11T20:00:00Z,Real Madrid CF,Valencia CF,5,1
La Liga,2023,2023-11-12T15:15:00Z,FC Barcelona,Deportivo Alavés,2,1
La Liga,2023,2023-11-12T17:30:00Z,Sevilla FC,Real Betis Balompié,1,1
La Liga,2023,2023-11-12T20:00:00Z,Club Atlético de Madrid,Villarreal CF,3,1
La Liga,2023,2023-11-24T20:00:00Z,Deportivo Alavés,Granada CF,3,1
La Liga,2023,2023-11-25T13:00:00Z,Rayo Vallecano de Madrid,FC Barcelona,1,1
La Liga,2023,2023-11-25T15:15:00Z,Valencia CF,RC Celta de Vigo,0,0
La Liga,2023,2023-11-25T17:30:00Z,Getafe CF,UD Almería,2,1
La Liga,2023,2023-11-25T20:00:00Z,Club Atlético de Madrid,RCD Mallorca,1,0
La Liga,2023,2023-11-26T13:00:00Z,Villarreal CF,CA Osasuna,3,1
La Liga,2023,2023-11-26T15:15:00Z,Real Sociedad de Fútbol,Sevilla FC,2,1
La Liga,2023,2023-11-26T17:30:00Z,Cádiz CF,Real Madrid CF,0,3
La Liga,2023,2023-11-26T20:00:00Z,Real Betis Balompié,UD Las Palmas,1,0
La Liga,2023,2023-11-27T20:00:00Z,Girona FC,Athletic Club,1,1
La Liga,2023,2023-11-29T20:00:00Z,RCD Mallorca,Cádiz CF,1,1
La Liga,2023,2023-12-01T20:00:00Z,UD Las Palmas,Getafe CF,2,0
La Liga,2023,2023-12-02T13:00:00Z,Girona FC,Valencia CF,2,1
La Liga,2023,2023-12-02T15:15:00Z,Athletic Club,Rayo Vallecano de Madrid,4,0
La Liga,2023,2023-12-02T17:30:00Z,Real Madrid CF,Granada CF,2,0
La Liga,2023,2023-12-02T20:00:00Z,CA Osasuna,Real Sociedad de Fútbol,1,1
La Liga,2023,2023-12-03T13:00:00Z,RCD Mallorca,Deportivo Alavés,0,0
La Liga,2023,2023-12-03T15:15:00Z,UD Almería,Real Betis Balompié,0,0
La Liga,2023,2023-12-03T17:30:00Z,Sevilla FC,Villarreal CF,1,1
La Liga,2023,2023-12-03T20:00:00Z,FC Barcelona,Club Atlético de Madrid,1,0
La Liga,2023,2023-12-04T20:00:00Z,RC Celta de Vigo,Cádiz CF,1,1
La Liga,2023,2023-12-08T20:00:00Z,Getafe CF,Valencia CF,1,0
La Liga,2023,2023-12-09T13:00:00Z,Deportivo Alavés,UD Las Palmas,0,1
La Liga,2023,2023-12-09T15:15:00Z,Real Betis Balompié,Real Madrid CF,1,1
La Liga,2023,2023-12-09T17:30:00Z,Villarreal CF,Real Sociedad de Fútbol,0,3
La Liga,2023,2023-12-09T20:00:00Z,RCD Mallorca,Sevilla FC,1,0
La Liga,2023,2023-12-10T13:00:00Z,Club Atlético de Madrid,UD Almería,2,1
La Liga,2023,2023-12-10T17:30:00Z,Cádiz CF,CA Osasuna,1,1
La Liga,2023,2023-12-10T20:00:00Z,FC Barcelona,Girona FC,2,4
La Liga,2023,2023-12-11T20:00:00Z,Granada CF,Athletic Club,1,1
La Liga,2023,2023-12-11T20:00:00Z,Rayo Vallecano de Madrid,RC Celta de Vigo,0,0
La Liga,2023,2023-12-15T20:00:00Z,CA Osasuna,Rayo Vallecano de Madrid,1,0
La Liga,2023,2023-12-16T13:00:00Z,RC Celta de Vigo,Granada CF,1,0
La Liga,2023,2023-12-16T15:15:00Z,Athletic Club,Club Atlético de Madrid,2,0
La Liga,2023,2023-12-16T17:30:00Z,Sevilla FC,Getafe CF,0,3
La Liga,2023,2023-12-16T20:00:00Z,Valencia CF,FC Barcelona,1,1
La Liga,2023,2023-12-17T13:00:00Z,UD Almería,RCD Mallorca,0,0
La Liga,2023,2023-12-17T15:15:00Z,Real Sociedad de Fútbol,Real Betis Balompié,0,0
La Liga,2023,2023-12-17T17:30:00Z,UD Las Palmas,Cádiz CF,1,1
La Liga,2023,2023-12-17T20:00:00Z,Real Madrid CF,Villarreal CF,4,1
La Liga,2023,2023-12-18T20:00:00Z,Girona FC,Deportivo Alavés,3,0
La Liga,2023,2023-12-19T18:00:00Z,Rayo Vallecano de Madrid,Valencia CF,0,1
La Liga,2023,2023-12-19T20:30:00Z,Club Atlético de Madrid,Getafe CF,3,3
La Liga,2023,2023-12-19T20:30:00Z,Granada CF,Sevilla FC,0,3
La Liga,2023,2023-12-20T18:00:00Z,FC Barcelona,UD Almería,3,2
La Liga,2023,2023-12-20T20:30:00Z,Athletic Club,UD Las Palmas,1,0
La Liga,2023,2023-12-20T20:30:00Z,Villarreal CF,RC Celta de Vigo,3,2
La Liga,2023,2023-12-21T18:00:00Z,Real Betis Balompié,Girona FC,1,1
La Liga,2023,2023-12-21T18:00:00Z,Cádiz CF,Real Sociedad de Fútbol,0,0
La Liga,2023,2023-12-21T20:30:00Z,Deportivo Alavés,Real Madrid CF,0,1
La Liga,2023,2023-12-21T20:30:00Z,RCD Mallorca,CA Osasuna,3,2
La Liga,2023,2023-12-23T15:15:00Z,Club Atlético de Madrid,Sevilla FC,1,0
La Liga,2023,2024-01-02T16:00:00Z,Getafe CF,Rayo Vallecano de Madrid,0,2
La Liga,2023,2024-01-02T18:15:00Z,Real Sociedad de Fútbol,Deportivo Alavés,1,1
La Liga,2023,2024-01-02T20:30:00Z,Valencia CF,Villarreal CF,3,1
La Liga,2023,2024-01-03T16:00:00Z,Granada CF,Cádiz CF,2,0
La Liga,2023,2024-01-03T18:15:00Z,RC Celta de Vigo,Real Betis Balompié,2,1
La Liga,2023,2024-01-03T18:15:00Z,Real Madrid CF,RCD Mallorca,1,0
La Liga,2023,2024-01-03T20:30:00Z,Girona FC,Club Atlético de Madrid,4,3
La Liga,2023,2024-01-04T16:00:00Z,CA Osasuna,UD Almería,1,0
La Liga,2023,2024-01-04T18:15:00Z,Sevilla FC,Athletic Club,0,2
La Liga,2023,2024-01-04T20:30:00Z,UD Las Palmas,FC Barcelona,1,2
La Liga,2023,2024-01-12T20:00:00Z,Sevilla FC,Deportivo Alavés,2,3
La Liga,2023,2024-01-13T13:00:00Z,UD Las Palmas,Villarreal CF,3,0
La Liga,2023,2024-01-13T15:15:00Z,RCD Mallorca,RC Celta de Vigo,1,1
La Liga,2023,2024-01-13T17:30:00Z,Athletic Club,Real Sociedad de Fútbol,2,1
La Liga,2023,2024-01-13T20:00:00Z,Real Betis Balompié,Granada CF,1,0
La Liga,2023,2024-01-14T13:00:00Z,UD Almería,Girona FC,0,0
La Liga,2023,2024-01-14T15:15:00Z,Cádiz CF,Valencia CF,1,4
La Liga,2023,2024-01-19T20:00:00Z,Deportivo Alavés,Cádiz CF,1,0
La Liga,2023,2024-01-20T13:00:00Z,Rayo Vallecano de Madrid,UD Las Palmas,0,2
La Liga,2023,2024-01-20T15:15:00Z,Villarreal CF,RCD Mallorca,1,1
La Liga,2023,2024-01-20T17:30:00Z,Valencia CF,Athletic Club,1,0
La Liga,2023,2024-01-20T20:00:00Z,RC Celta de Vigo,Real Sociedad de Fútbol,0,1
La Liga,2023,2024-01-21T13:00:00Z,CA Osasuna,Getafe CF,3,2
La Liga,2023,2024-01-21T15:15:00Z,Real Madrid CF,UD Almería,3,2
La Liga,2023,2024-01-21T17:30:00Z,Real Betis Balompié,FC Barcelona,2,4
La Liga,2023,2024-01-21T20:00:00Z,Girona FC,Sevilla FC,5,1
La Liga,2023,2024-01-22T20:00:00Z,Granada CF,Club Atlético de Madrid,0,1
La Liga,2023,2024-01-26T20:00:00Z,UD Almería,Deportivo Alavés,0,3
La Liga,2023,2024-01-27T13:00:00Z,Real Sociedad de Fútbol,Rayo Vallecano de Madrid,0,0
La Liga,2023,2024-01-27T15:15:00Z,UD Las Palmas,Real Madrid CF,1,2
La Liga,2023,2024-01-27T17:30:00Z,FC Barcelona,Villarreal CF,3,5
La Liga,2023,2024-01-27T20:00:00Z,RCD Mallorca,Real Betis Balompié,0,1
La Liga,2023,2024-01-28T13:00:00Z,RC Celta de Vigo,Girona FC,0,1
La Liga,2023,2024-01-28T15:15:00Z,Cádiz CF,Athletic Club,0,0
La Liga,2023,2024-01-28T17:30:00Z,Sevilla FC,CA Osasuna,1,1
La Liga,2023,2024-01-28T20:00:00Z,Club Atlético de Madrid,Valencia CF,2,0
La Liga,2023,2024-01-29T20:00:00Z,Getafe CF,Granada CF,2,0
La Liga,2023,2024-01-31T18:00:00Z,FC Barcelona,CA Osasuna,1,0
La Liga,2023,2024-01-31T20:00:00Z,Club Atlético de Madrid,Rayo Vallecano de Madrid,2,1
La Liga,2023,2024-02-01T20:00:00Z,Getafe CF,Real Madrid CF,0,2
La Liga,2023,2024-02-02T20:00:00Z,Athletic Club,RCD Mallorca,4,0
La Liga,2023,2024-02-03T13:00:00Z,Valencia CF,UD Almería,2,1
La Liga,2023,2024-02-03T15:15:00Z,Granada CF,UD Las Palmas,1,1
La Liga,2023,2024-02-03T17:30:00Z,Deportivo Alavés,FC Barcelona,1,3
La Liga,2023,2024-02-03T20:00:00Z,Girona FC,Real Sociedad de Fútbol,0,0
La Liga,2023,2024-02-04T13:00:00Z,Villarreal CF,Cádiz CF,0,0
La Liga,2023,2024-02-04T15:15:00Z,CA Osasuna,RC Celta de Vigo,0,3
La Liga,2023,2024-02-04T17:30:00Z,Real Betis Balompié,Getafe CF,1,1
La Liga,2023,2024-02-04T20:00:00Z,Real Madrid CF,Club Atlético de Madrid,1,1
La Liga,2023,2024-02-05T20:00:00Z,Rayo Vallecano de Madrid,Sevilla FC,1,2
La Liga,2023,2024-02-09T20:00:00Z,Cádiz CF,Real Betis Balompié,0,2
La Liga,2023,2024-02-10T13:00:00Z,Deportivo Alavés,Villarreal CF,1,1
La Liga,2023,2024-02-10T15:15:00Z,Real Sociedad de Fútbol,CA Osasuna,0,1
La Liga,2023,2024-02-10T17:30:00Z,Real Madrid CF,Girona FC,4,0
La Liga,2023,2024-02-10T20:00:00Z,UD Las Palmas,Valencia CF,2,0
La Liga,2023,2024-02-11T13:00:00Z,Getafe CF,RC Celta de Vigo,3,2
La Liga,2023,2024-02-11T15:15:00Z,RCD Mallorca,Rayo Vallecano de Madrid,2,1
La Liga,2023,2024-02-11T17:30:00Z,Sevilla FC,Club Atlético de Madrid,1,0
La Liga,2023,2024-02-11T20:00:00Z,FC Barcelona,Granada CF,3,3
La Liga,2023,2024-02-12T20:00:00Z,UD Almería,Athletic Club,0,0
La Liga,2023,2024-02-16T20:00:00Z,Villarreal CF,Getafe CF,1,1
La Liga,2023,2024-02-17T13:00:00Z,Club Atlético de Madrid,UD Las Palmas,5,0
La Liga,2023,2024-02-17T15:15:00Z,CA Osasuna,Cádiz CF,2,0
La Liga,2023,2024-02-17T17:30:00Z,RC Celta de Vigo,FC Barcelona,1,2
La Liga,2023,2024-02-17T20:00:00Z,Valencia CF,Sevilla FC,0,0
La Liga,2023,2024-02-18T13:00:00Z,Rayo Vallecano de Madrid,Real Madrid CF,1,1
La Liga,2023,2024-02-18T15:15:00Z,Granada CF,UD Almería,1,1
La Liga,2023,2024-02-18T17:30:00Z,RCD Mallorca,Real Sociedad de Fútbol,1,2
La Liga,2023,2024-02-18T20:00:00Z,Real Betis Balompié,Deportivo Alavés,0,0
La Liga,2023,2024-02-19T20:00:00Z,Athletic Club,Girona FC,3,2
La Liga,2023,2024-02-23T20:00:00Z,Real Sociedad de Fútbol,Villarreal CF,1,3
La Liga,2023,2024-02-24T15:15:00Z,FC Barcelona,Getafe CF,4,0
La Liga,2023,2024-02-24T17:30:00Z,Deportivo Alavés,RCD Mallorca,1,1
La Liga,2023,2024-02-24T20:00:00Z,UD Almería,Club Atlético de Madrid,2,2
La Liga,2023,2024-02-25T13:00:00Z,Cádiz CF,RC Celta de Vigo,2,2
La Liga,2023,2024-02-25T15:15:00Z,Real Betis Balompié,Athletic Club,3,1
La Liga,2023,2024-02-25T17:30:00Z,UD Las Palmas,CA Osasuna,1,1
La Liga,2023,2024-02-25T20:00:00Z,Real Madrid CF,Sevilla FC,1,0
La Liga,2023,2024-02-26T20:00:00Z,Girona FC,Rayo Vallecano de Madrid,3,0
La Liga,2023,2024-03-01T20:00:00Z,RC Celta de Vigo,UD Almería,1,0
La Liga,2023,2024-03-02T13:00:00Z,Sevilla FC,Real Sociedad de Fútbol,3,2
La Liga,2023,2024-03-02T15:15:00Z,Rayo Vallecano de Madrid,Cádiz CF,1,1
La Liga,2023,2024-03-02T17:30:00Z,Getafe CF,UD Las Palmas,3,3
La Liga,2023,2024-03-02T20:00:00Z,Valencia CF,Real Madrid CF,2,2
La Liga,2023,2024-03-03T13:00:00Z,Villarreal CF,Granada CF,5,1
La Liga,2023,2024-03-03T15:15:00Z,Club Atlético de Madrid,Real Betis Balompié,2,1
La Liga,2023,2024-03-03T17:30:00Z,RCD Mallorca,Girona FC,1,0
La Liga,2023,2024-03-03T20:00:00Z,Athletic Club,FC Barcelona,0,0
La Liga,2023,2024-03-04T20:00:00Z,CA Osasuna,Deportivo Alavés,1,0
La Liga,2023,2024-03-08T20:00:00Z,FC Barcelona,RCD Mallorca,1,0
La Liga,2023,2024-03-09T13:00:00Z,Valencia CF,Getafe CF,1,0
La Liga,2023,2024-03-09T15:15:00Z,Cádiz CF,Club Atlético de Madrid,2,0
La Liga,2023,2024-03-09T17:30:00Z,Granada CF,Real Sociedad de Fútbol,2,3
La Liga,2023,2024-03-09T20:00:00Z,Girona FC,CA Osasuna,2,0
La Liga,2023,2024-03-10T13:00:00Z,Deportivo Alavés,Rayo Vallecano de Madrid,1,0
La Liga,2023,2024-03-10T15:15:00Z,UD Las Palmas,Athletic Club,0,2
La Liga,2023,2024-03-10T17:30:00Z,Real Madrid CF,RC Celta de Vigo,4,0
La Liga,2023,2024-03-10T20:00:00Z,Real Betis Balompié,Villarreal CF,2,3
La Liga,2023,2024-03-11T20:00:00Z,UD Almería,Sevilla FC,2,2
La Liga,2023,2024-03-15T20:00:00Z,Real Sociedad de Fútbol,Cádiz CF,2,0
La Liga,2023,2024-03-16T13:00:00Z,RCD Mallorca,Granada CF,1,0
La Liga,2023,2024-03-16T15:15:00Z,CA Osasuna,Real Madrid CF,2,4
La Liga,2023,2024-03-16T17:30:00Z,Getafe CF,Girona FC,1,0
La Liga,2023,2024-03-16T20:00:00Z,Athletic Club,Deportivo Alavés,2,0
La Liga,2023,2024-03-17T13:00:00Z,Sevilla FC,RC Celta de Vigo,1,2
La Liga,2023,2024-03-17T15:15:00Z,Villarreal CF,Valencia CF,1,0
La Liga,2023,2024-03-17T15:15:00Z,UD Las Palmas,UD Almería,0,1
La Liga,2023,2024-03-17T17:30:00Z,Rayo Vallecano de Madrid,Real Betis Balompié,2,0
La Liga,2023,2024-03-17T20:00:00Z,Club Atlético de Madrid,FC Barcelona,0,3
La Liga,2023,2024-03-29T20:00:00Z,Cádiz CF,Granada CF,1,0
La Liga,2023,2024-03-30T13:00:00Z,Getafe CF,Sevilla FC,0,1
La Liga,2023,2024-03-30T15:15:00Z,UD Almería,CA Osasuna,0,3
La Liga,2023,2024-03-30T17:30:00Z,Valencia CF,RCD Mallorca,0,0
La Liga,2023,2024-03-30T20:00:00Z,FC Barcelona,UD Las Palmas,1,0
La Liga,2023,2024-03-31T12:00:00Z,RC Celta de Vigo,Rayo Vallecano de Madrid,0,0
La Liga,2023,2024-03-31T14:15:00Z,Girona FC,Real Betis Balompié,3,2
La Liga,2023,2024-03-31T16:30:00Z,Deportivo Alavés,Real Sociedad de Fútbol,0,1
La Liga,2023,2024-03-31T19:00:00Z,Real Madrid CF,Athletic Club,2,0
La Liga,2023,2024-04-01T19:00:00Z,Villarreal CF,Club Atlético de Madrid,1,2
La Liga,2023,2024-04-04T18:00:00Z,Granada CF,Valencia CF,0,1
La Liga,2023,2024-04-12T19:00:00Z,Real Betis Balompié,RC Celta de Vigo,2,1
La Liga,2023,2024-04-13T12:00:00Z,Club Atlético de Madrid,Girona FC,3,1
La Liga,2023,2024-04-13T14:15:00Z,Rayo Vallecano de Madrid,Getafe CF,0,0
La Liga,2023,2024-04-13T16:30:00Z,RCD Mallorca,Real Madrid CF,0,1
La Liga,2023,2024-04-13T19:00:00Z,Cádiz CF,FC Barcelona,0,1
La Liga,2023,2024-04-14T12:00:00Z,UD Las Palmas,Sevilla FC,0,2
La Liga,2023,2024-04-14T14:15:00Z,Granada CF,Deportivo Alavés,2,0
La Liga,2023,2024-04-14T16:30:00Z,Athletic Club,Villarreal CF,1,1
La Liga,2023,2024-04-14T19:00:00Z,Real Sociedad de Fútbol,UD Almería,2,2
La Liga,2023,2024-04-15T19:00:00Z,CA Osasuna,Valencia CF,0,1
La Liga,2023,2024-04-19T19:00:00Z,Athletic Club,Granada CF,1,1
La Liga,2023,2024-04-20T12:00:00Z,RC Celta de Vigo,UD Las Palmas,4,1
La Liga,2023,2024-04-20T14:15:00Z,Rayo Vallecano de Madrid,CA Osasuna,2,1
La Liga,2023,2024-04-20T16:30:00Z,Valencia CF,Real Betis Balompié,1,2
La Liga,2023,2024-04-20T19:00:00Z,Girona FC,Cádiz CF,4,1
La Liga,2023,2024-04-21T12:00:00Z,Getafe CF,Real Sociedad de Fútbol,1,1
La Liga,2023,2024-04-21T14:15:00Z,UD Almería,Villarreal CF,1,2
La Liga,2023,2024-04-21T16:30:00Z,Deportivo Alavés,Club Atlético de Madrid,2,0
La Liga,2023,2024-04-21T19:00:00Z,Real Madrid CF,FC Barcelona,3,2
La Liga,2023,2024-04-22T19:00:00Z,Sevilla FC,RCD Mallorca,2,1
La Liga,2023,2024-04-26T19:00:00Z,Real Sociedad de Fútbol,Real Madrid CF,0,1
La Liga,2023,2024-04-27T12:00:00Z,UD Las Palmas,Girona FC,0,2
La Liga,2023,2024-04-27T14:15:00Z,UD Almería,Getafe CF,1,3
La Liga,2023,2024-04-27T16:30:00Z,Deportivo Alavés,RC Celta de Vigo,3,0
La Liga,2023,2024-04-27T19:00:00Z,Club Atlético de Madrid,Athletic Club,3,1
La Liga,2023,2024-04-28T12:00:00Z,Cádiz CF,RCD Mallorca,1,1
La Liga,2023,2024-04-28T14:15:00Z,Granada CF,CA Osasuna,3,0
La Liga,2023,2024-04-28T16:30:00Z,Villarreal CF,Rayo Vallecano de Madrid,3,0
La Liga,2023,2024-04-28T19:00:00Z,Real Betis Balompié,Sevilla FC,1,1
La Liga,2023,2024-04-29T19:00:00Z,FC Barcelona,Valencia CF,4,2
La Liga,2023,2024-05-03T19:00:00Z,Getafe CF,Athletic Club,0,2
La Liga,2023,2024-05-04T12:00:00Z,Real Sociedad de Fútbol,UD Las Palmas,2,0
La Liga,2023,2024-05-04T14:15:00Z,Real Madrid CF,Cádiz CF,3,0
La Liga,2023,2024-05-04T16:30:00Z,Girona FC,FC Barcelona,4,2
La Liga,2023,2024-05-04T19:00:00Z,RCD Mallorca,Club Atlético de Madrid,0,1
La Liga,2023,2024-05-05T12:00:00Z,CA Osasuna,Real Betis Balompié,0,2
La Liga,2023,2024-05-05T14:15:00Z,RC Celta de Vigo,Villarreal CF,3,2
La Liga,2023,2024-05-05T16:30:00Z,Valencia CF,Deportivo Alavés,0,1
La Liga,2023,2024-05-05T19:00:00Z,Sevilla FC,Granada CF,3,0
La Liga,2023,2024-05-05T19:00:00Z,Rayo Vallecano de Madrid,UD Almería,0,1
La Liga,2023,2024-05-10T19:00:00Z,Deportivo Alavés,Girona FC,2,2
La Liga,2023,2024-05-11T12:00:00Z,RCD Mallorca,UD Las Palmas,1,0
La Liga,2023,2024-05-11T14:15:00Z,Villarreal CF,Sevilla FC,3,2
La Liga,2023,2024-05-11T16:30:00Z,Granada CF,Real Madrid CF,0,4
La Liga,2023,2024-05-11T19:00:00Z,Athletic Club,CA Osasuna,2,2
La Liga,2023,2024-05-12T12:00:00Z,Cádiz CF,Getafe CF,1,0
La Liga,2023,2024-05-12T14:15:00Z,Club Atlético de Madrid,RC Celta de Vigo,1,0
La Liga,2023,2024-05-12T16:30:00Z,Valencia CF,Rayo Vallecano de Madrid,0,0
La Liga,2023,2024-05-12T19:00:00Z,Real Betis Balompié,UD Almería,3,2
La Liga,2023,2024-05-13T19:00:00Z,FC Barcelona,Real Sociedad de Fútbol,2,0
La Liga,2023,2024-05-14T17:30:00Z,CA Osasuna,RCD Mallorca,1,1
La Liga,2023,2024-05-14T19:30:00Z,Real Madrid CF,Deportivo Alavés,5,0
La Liga,2023,2024-05-14T20:00:00Z,Girona FC,Villarreal CF,0,1
La Liga,2023,2024-05-15T17:30:00Z,Sevilla FC,Cádiz CF,0,1
La Liga,2023,2024-05-15T17:30:00Z,Rayo Vallecano de Madrid,Granada CF,2,1
La Liga,2023,2024-05-15T20:00:00Z,RC Celta de Vigo,Athletic Club,2,1
La Liga,2023,2024-05-15T20:00:00Z,Getafe CF,Club Atlético de Madrid,0,3
La Liga,2023,2024-05-16T17:30:00Z,UD Las Palmas,Real Betis Balompié,2,2
La Liga,2023,2024-05-16T19:30:00Z,UD Almería,FC Barcelona,0,2
La Liga,2023,2024-05-16T20:00:00Z,Real Sociedad de Fútbol,Valencia CF,1,0
La Liga,2023,2024-05-18T19:00:00Z,Deportivo Alavés,Getafe CF,1,0
La Liga,2023,2024-05-19T17:00:00Z,Athletic Club,Sevilla FC,2,0
La Liga,2023,2024-05-19T17:00:00Z,Club Atlético de Madrid,CA Osasuna,1,4
La Liga,2023,2024-05-19T17:00:00Z,Real Betis Balompié,Real Sociedad de Fútbol,0,2
La Liga,2023,2024-05-19T17:00:00Z,FC Barcelona,Rayo Vallecano de Madrid,3,0
La Liga,2023,2024-05-19T17:00:00Z,Cádiz CF,UD Las Palmas,0,0
La Liga,2023,2024-05-19T17:00:00Z,Granada CF,RC Celta de Vigo,1,2
La Liga,2023,2024-05-19T17:00:00Z,Valencia CF,Girona FC,1,3
La Liga,2023,2024-05-19T17:00:00Z,Villarreal CF,Real Madrid CF,4,4
La Liga,2023,2024-05-19T17:00:00Z,RCD Mallorca,UD Almería,2,2
La Liga,2023,2024-05-24T19:00:00Z,Girona FC,Granada CF,7,0
La Liga,2023,2024-05-25T12:00:00Z,CA Osasuna,Villarreal CF,1,1
La Liga,2023,2024-05-25T14:15:00Z,Real Sociedad de Fútbol,Club Atlético de Madrid,0,2
La Liga,2023,2024-05-25T16:30:00Z,Rayo Vallecano de Madrid,Athletic Club,0,1
La Liga,2023,2024-05-25T16:30:00Z,UD Almería,Cádiz CF,6,1
La Liga,2023,2024-05-25T19:00:00Z,Real Madrid CF,Real Betis Balompié,0,0
La Liga,2023,2024-05-26T12:00:00Z,Getafe CF,RCD Mallorca,1,2
La Liga,2023,2024-05-26T14:15:00Z,RC Celta de Vigo,Valencia CF,2,2
La Liga,2023,2024-05-26T14:15:00Z,UD Las Palmas,Deportivo Alavés,1,1
La Liga,2023,2024-05-26T19:00:00Z,Sevilla FC,FC Barcelona,1,2
La Liga,2024,2024-08-15T17:00:00Z,Athletic Club,Getafe CF,1,1
La Liga,2024,2024-08-15T19:30:00Z,Real Betis Balompié,Girona FC,1,1
La Liga,2024,2024-08-16T17:00:00Z,RC Celta de Vigo,Deportivo Alavés,2,1
La Liga,2024,2024-08-16T19:30:00Z,UD Las Palmas,Sevilla FC,2,2
La Liga,2024,2024-08-17T17:00:00Z,CA Osasuna,CD Leganés,1,1
La Liga,2024,2024-08-17T19:30:00Z,Valencia CF,FC Barcelona,1,2
La Liga,2024,2024-08-18T17:00:00Z,Real Sociedad de Fútbol,Rayo Vallecano de Madrid,1,2
La Liga,2024,2024-08-18T19:30:00Z,RCD Mallorca,Real Madrid CF,1,1
La Liga,2024,2024-08-19T17:00:00Z,Real Valladolid CF,RCD Espanyol de Barcelona,1,0
La Liga,2024,2024-08-19T19:30:00Z,Villarreal CF,Club Atlético de Madrid,2,2
La Liga,2024,2024-08-23T17:00:00Z,RC Celta de Vigo,Valencia CF,3,1
La Liga,2024,2024-08-23T19:30:00Z,Sevilla FC,Villarreal CF,1,2
La Liga,2024,2024-08-24T15:00:00Z,CA Osasuna,RCD Mallorca,1,0
La Liga,2024,2024-08-24T17:00:00Z,FC Barcelona,Athletic Club,2,1
La Liga,2024,2024-08-24T19:30:00Z,Getafe CF,Rayo Vallecano de Madrid,0,0
La Liga,2024,2024-08-24T19:30:00Z,RCD Espanyol de Barcelona,Real Sociedad de Fútbol,0,1
La Liga,2024,2024-08-25T15:00:00Z,Real Madrid CF,Real Valladolid CF,3,0
La Liga,2024,2024-08-25T17:00:00Z,CD Leganés,UD Las Palmas,2,1
La Liga,2024,2024-08-25T17:15:00Z,Deportivo Alavés,Real Betis Balompié,0,0
La Liga,2024,2024-08-25T19:30:00Z,Club Atlético de Madrid,Girona FC,3,0
La Liga,2024,2024-08-26T19:30:00Z,Villarreal CF,RC Celta de Vigo,4,3
La Liga,2024,2024-08-27T17:00:00Z,RCD Mallorca,Sevilla FC,0,0
La Liga,2024,2024-08-27T19:30:00Z,Rayo Vallecano de Madrid,FC Barcelona,1,2
La Liga,2024,2024-08-28T17:00:00Z,Athletic Club,Valencia CF,1,0
La Liga,2024,2024-08-28T17:00:00Z,Real Valladolid CF,CD Leganés,0,0
La Liga,2024,2024-08-28T19:30:00Z,Real Sociedad de Fútbol,Deportivo Alavés,1,2
La Liga,2024,2024-08-28T19:30:00Z,Club Atlético de Madrid,RCD Espanyol de Barcelona,0,0
La Liga,2024,2024-08-29T17:00:00Z,Girona FC,CA Osasuna,4,0
La Liga,2024,2024-08-29T19:30:00Z,UD Las Palmas,Real Madrid CF,1,1
La Liga,2024,2024-08-31T15:00:00Z,FC Barcelona,Real Valladolid CF,7,0
La Liga,2024,2024-08-31T17:00:00Z,Athletic Club,Club Atlético de Madrid,0,1
La Liga,2024,2024-08-31T17:15:00Z,RCD Espanyol de Barcelona,Rayo Vallecano de Madrid,2,1
La Liga,2024,2024-08-31T19:30:00Z,CD Leganés,RCD Mallorca,0,1
La Liga,2024,2024-08-31T19:30:00Z,Valencia CF,Villarreal CF,1,1
La Liga,2024,2024-09-01T15:00:00Z,CA Osasuna,RC Celta de Vigo,3,2
La Liga,2024,2024-09-01T15:00:00Z,Deportivo Alavés,UD Las Palmas,2,0
La Liga,2024,2024-09-01T17:00:00Z,Sevilla FC,Girona FC,0,2
La Liga,2024,2024-09-01T17:15:00Z,Getafe CF,Real Sociedad de Fútbol,0,0
La Liga,2024,2024-09-01T19:30:00Z,Real Madrid CF,Real Betis Balompié,2,0
La Liga,2024,2024-09-13T19:00:00Z,Real Betis Balompié,CD Leganés,2,0
La Liga,2024,2024-09-14T12:00:00Z,RCD Mallorca,Villarreal CF,1,2
La Liga,2024,2024-09-14T14:15:00Z,RCD Espanyol de Barcelona,Deportivo Alavés,3,2
La Liga,2024,2024-09-14T16:30:00Z,Sevilla FC,Getafe CF,1,0
La Liga,2024,2024-09-14T19:00:00Z,Real Sociedad de Fútbol,Real Madrid CF,0,2
La Liga,2024,2024-09-15T12:00:00Z,RC Celta de Vigo,Real Valladolid CF,3,1
La Liga,2024,2024-09-15T14:15:00Z,Girona FC,FC Barcelona,1,4
La Liga,2024,2024-09-15T16:30:00Z,UD Las Palmas,Athletic Club,2,3
La Liga,2024,2024-09-15T19:00:00Z,Club Atlético de Madrid,Valencia CF,3,0
La Liga,2024,2024-09-16T19:00:00Z,Rayo Vallecano de Madrid,CA Osasuna,3,1
La Liga,2024,2024-09-17T17:00:00Z,RCD Mallorca,Real Sociedad de Fútbol,1,0
La Liga,2024,2024-09-18T17:00:00Z,Real Betis Balompié,Getafe CF,2,1
La Liga,2024,2024-09-19T17:00:00Z,CD Leganés,Athletic Club,0,2
La Liga,2024,2024-09-20T19:00:00Z,Deportivo Alavés,Sevilla FC,2,1
La Liga,2024,2024-09-21T12:00:00Z,Real Valladolid CF,Real Sociedad de Fútbol,0,0
La Liga,2024,2024-09-21T14:15:00Z,CA Osasuna,UD Las Palmas,2,1
La Liga,2024,2024-09-21T16:30:00Z,Valencia CF,Girona FC,2,0
La Liga,2024,2024-09-21T19:00:00Z,Real Madrid CF,RCD Espanyol de Barcelona,4,1
La Liga,2024,2024-09-22T12:00:00Z,Getafe CF,CD Leganés,1,1
La Liga,2024,2024-09-22T14:15:00Z,Athletic Club,RC Celta de Vigo,3,1
La Liga,2024,2024-09-22T16:30:00Z,Villarreal CF,FC Barcelona,1,5
La Liga,2024,2024-09-22T19:00:00Z,Rayo Vallecano de Madrid,Club Atlético de Madrid,1,1
La Liga,2024,2024-09-23T19:00:00Z,Real Betis Balompié,RCD Mallorca,1,2
La Liga,2024,2024-09-24T17:00:00Z,Sevilla FC,Real Valladolid CF,2,1
La Liga,2024,2024-09-24T17:00:00Z,Valencia CF,CA Osasuna,0,0
La Liga,2024,2024-09-24T19:00:00Z,Real Madrid CF,Deportivo Alavés,3,2
La Liga,2024,2024-09-25T17:00:00Z,Girona FC,Rayo Vallecano de Madrid,0,0
La Liga,2024,2024-09-25T19:00:00Z,FC Barcelona,Getafe CF,1,0
La Liga,2024,2024-09-26T17:00:00Z,UD Las Palmas,Real Betis Balompié,1,1
La Liga,2024,2024-09-26T17:00:00Z,RCD Espanyol de Barcelona,Villarreal CF,1,2
La Liga,2024,2024-09-26T19:00:00Z,RC Celta de Vigo,Club Atlético de Madrid,0,1
La Liga,2024,2024-09-27T19:00:00Z,Real Valladolid CF,RCD Mallorca,1,2
La Liga,2024,2024-09-28T12:00:00Z,Getafe CF,Deportivo Alavés,2,0
La Liga,2024,2024-09-28T14:15:00Z,Rayo Vallecano de Madrid,CD Leganés,1,1
La Liga,2024,2024-09-28T16:30:00Z,Real Sociedad de Fútbol,Valencia CF,3,0
La Liga,2024,2024-09-28T19:00:00Z,CA Osasuna,FC Barcelona,4,2
La Liga,2024,2024-09-29T12:00:00Z,RC Celta de Vigo,Girona FC,1,1
La Liga,2024,2024-09-29T14:15:00Z,Athletic Club,Sevilla FC,1,1
La Liga,2024,2024-09-29T16:30:00Z,Real Betis Balompié,RCD Espanyol de Barcelona,1,0
La Liga,2024,2024-09-29T19:00:00Z,Club Atlético de Madrid,Real Madrid CF,1,1
La Liga,2024,2024-09-30T19:00:00Z,Villarreal CF,UD Las Palmas,3,1
La Liga,2024,2024-10-04T19:00:00Z,CD Leganés,Valencia CF,0,0
La Liga,2024,2024-10-05T12:00:00Z,RCD Espanyol de Barcelona,RCD Mallorca,2,1
La Liga,2024,2024-10-05T14:15:00Z,Getafe CF,CA Osasuna,1,1
La Liga,2024,2024-10-05T16:30:00Z,Real Valladolid CF,Rayo Vallecano de Madrid,1,2
La Liga,2024,2024-10-05T16:30:00Z,UD Las Palmas,RC Celta de Vigo,0,1
La Liga,2024,2024-10-05T19:00:00Z,Real Madrid CF,Villarreal CF,2,0
La Liga,2024,2024-10-06T12:00:00Z,Girona FC,Athletic Club,2,1
La Liga,2024,2024-10-06T14:15:00Z,Deportivo Alavés,FC Barcelona,0,3
La Liga,2024,2024-10-06T16:30:00Z,Sevilla FC,Real Betis Balompié,1,0
La Liga,2024,2024-10-06T19:00:00Z,Real Sociedad de Fútbol,Club Atlético de Madrid,1,1
La Liga,2024,2024-10-18T19:00:00Z,Deportivo Alavés,Real Valladolid CF,2,3
La Liga,2024,2024-10-19T12:00:00Z,Athletic Club,RCD Espanyol de Barcelona,4,1
La Liga,2024,2024-10-19T14:15:00Z,CA Osasuna,Real Betis Balompié,1,2
La Liga,2024,2024-10-19T16:30:00Z,Girona FC,Real Sociedad de Fútbol,0,1
La Liga,2024,2024-10-19T19:00:00Z,RC Celta de Vigo,Real Madrid CF,1,2
La Liga,2024,2024-10-20T12:00:00Z,RCD Mallorca,Rayo Vallecano de Madrid,1,0
La Liga,2024,2024-10-20T14:15:00Z,Club Atlético de Madrid,CD Leganés,3,1
La Liga,2024,2024-10-20T16:30:00Z,Villarreal CF,Getafe CF,1,1
La Liga,2024,2024-10-20T19:00:00Z,FC Barcelona,Sevilla FC,5,1
La Liga,2024,2024-10-21T19:00:00Z,Valencia CF,UD Las Palmas,2,3
La Liga,2024,2024-10-25T19:00:00Z,RCD Espanyol de Barcelona,Sevilla FC,0,2
La Liga,2024,2024-10-26T12:00:00Z,Real Valladolid CF,Villarreal CF,1,2
La Liga,2024,2024-10-26T14:15:00Z,Rayo Vallecano de Madrid,Deportivo Alavés,1,0
La Liga,2024,2024-10-26T16:30:00Z,UD Las Palmas,Girona FC,1,0
La Liga,2024,2024-10-26T19:00:00Z,Real Madrid CF,FC Barcelona,0,4
La Liga,2024,2024-10-27T13:00:00Z,CD Leganés,RC Celta de Vigo,3,0
La Liga,2024,2024-10-27T15:15:00Z,Getafe CF,Valencia CF,1,1
La Liga,2024,2024-10-27T17:30:00Z,Real Betis Balompié,Club Atlético de Madrid,1,0
La Liga,2024,2024-10-27T20:00:00Z,Real Sociedad de Fútbol,CA Osasuna,0,2
La Liga,2024,2024-10-28T20:00:00Z,RCD Mallorca,Athletic Club,0,0
La Liga,2024,2024-11-01T20:00:00Z,Deportivo Alavés,RCD Mallorca,1,0
La Liga,2024,2024-11-02T13:00:00Z,CA Osasuna,Real Valladolid CF,1,0
La Liga,2024,2024-11-02T15:15:00Z,Girona FC,CD Leganés,4,3
La Liga,2024,2024-11-03T13:00:00Z,Club Atlético de Madrid,UD Las Palmas,2,0
La Liga,2024,2024-11-03T15:15:00Z,FC Barcelona,RCD Espanyol de Barcelona,3,1
La Liga,2024,2024-11-03T17:30:00Z,Sevilla FC,Real Sociedad de Fútbol,0,2
La Liga,2024,2024-11-03T20:00:00Z,Athletic Club,Real Betis Balompié,1,1
La Liga,2024,2024-11-04T20:00:00Z,RC Celta de Vigo,Getafe CF,1,0
La Liga,2024,2024-11-08T20:00:00Z,Rayo Vallecano de Madrid,UD Las Palmas,1,3
La Liga,2024,2024-11-09T13:00:00Z,Real Madrid CF,CA Osasuna,4,0
La Liga,2024,2024-11-09T15:15:00Z,Villarreal CF,Deportivo Alavés,3,0
La Liga,2024,2024-11-09T20:00:00Z,CD Leganés,Sevilla FC,1,0
La Liga,2024,2024-11-10T13:00:00Z,Real Betis Balompié,RC Celta de Vigo,2,2
La Liga,2024,2024-11-10T15:15:00Z,RCD Mallorca,Club Atlético de Madrid,0,1
La Liga,2024,2024-11-10T17:30:00Z,Getafe CF,Girona FC,0,1
La Liga,2024,2024-11-10T17:30:00Z,Real Valladolid CF,Athletic Club,1,1
La Liga,2024,2024-11-10T20:00:00Z,Real Sociedad de Fútbol,FC Barcelona,1,0
La Liga,2024,2024-11-22T20:00:00Z,Getafe CF,Real Valladolid CF,2,0
La Liga,2024,2024-11-23T13:00:00Z,Valencia CF,Real Betis Balompié,4,2
La Liga,2024,2024-11-23T15:15:00Z,Club Atlético de Madrid,Deportivo Alavés,2,1
La Liga,2024,2024-11-23T17:30:00Z,UD Las Palmas,RCD Mallorca,2,3
La Liga,2024,2024-11-23T17:30:00Z,Girona FC,RCD Espanyol de Barcelona,4,1
La Liga,2024,2024-11-23T20:00:00Z,RC Celta de Vigo,FC Barcelona,2,2
La Liga,2024,2024-11-24T13:00:00Z,CA Osasuna,Villarreal CF,2,2
La Liga,2024,2024-11-24T15:15:00Z,Sevilla FC,Rayo Vallecano de Madrid,1,0
La Liga,2024,2024-11-24T17:30:00Z,CD Leganés,Real Madrid CF,0,3
La Liga,2024,2024-11-24T20:00:00Z,Athletic Club,Real Sociedad de Fútbol,1,0
La Liga,2024,2024-11-29T20:00:00Z,RCD Mallorca,Valencia CF,2,1
La Liga,2024,2024-11-30T13:00:00Z,FC Barcelona,UD Las Palmas,1,2
La Liga,2024,2024-11-30T15:15:00Z,Deportivo Alavés,CD Leganés,1,1
La Liga,2024,2024-11-30T17:30:00Z,RCD Espanyol de Barcelona,RC Celta de Vigo,3,1
La Liga,2024,2024-11-30T20:00:00Z,Real Valladolid CF,Club Atlético de Madrid,0,5
La Liga,2024,2024-12-01T13:00:00Z,Villarreal CF,Girona FC,2,2
La Liga,2024,2024-12-01T15:15:00Z,Real Madrid CF,Getafe CF,2,0
La Liga,2024,2024-12-01T17:30:00Z,Rayo Vallecano de Madrid,Athletic Club,1,2
La Liga,2024,2024-12-01T20:00:00Z,Real Sociedad de Fútbol,Real Betis Balompié,2,0
La Liga,2024,2024-12-02T20:00:00Z,Sevilla FC,CA Osasuna,1,1
La Liga,2024,2024-12-03T18:00:00Z,RCD Mallorca,FC Barcelona,1,5
La Liga,2024,2024-12-04T20:00:00Z,Athletic Club,Real Madrid CF,2,1
La Liga,2024,2024-12-06T20:00:00Z,RC Celta de Vigo,RCD Mallorca,2,0
La Liga,2024,2024-12-07T13:00:00Z,UD Las Palmas,Real Valladolid CF,2,1
La Liga,2024,2024-12-07T15:15:00Z,Real Betis Balompié,FC Barcelona,2,2
La Liga,2024,2024-12-07T17:30:00Z,Valencia CF,Rayo Vallecano de Madrid,0,1
La Liga,2024,2024-12-07T20:00:00Z,Girona FC,Real Madrid CF,0,3
La Liga,2024,2024-12-08T13:00:00Z,CD Leganés,Real Sociedad de Fútbol,0,3
La Liga,2024,2024-12-08T15:15:00Z,Athletic Club,Villarreal CF,2,0
La Liga,2024,2024-12-08T17:30:00Z,CA Osasuna,Deportivo Alavés,2,2
La Liga,2024,2024-12-08T20:00:00Z,Club Atlético de Madrid,Sevilla FC,4,3
La Liga,2024,2024-12-09T20:00:00Z,Getafe CF,RCD Espanyol de Barcelona,1,0
La Liga,2024,2024-12-13T20:00:00Z,Real Valladolid CF,Valencia CF,1,0
La Liga,2024,2024-12-14T13:00:00Z,RCD Espanyol de Barcelona,CA Osasuna,0,0
La Liga,2024,2024-12-14T15:15:00Z,RCD Mallorca,Girona FC,2,1
La Liga,2024,2024-12-14T17:30:00Z,Sevilla FC,RC Celta de Vigo,1,0
La Liga,2024,2024-12-14T20:00:00Z,Rayo Vallecano de Madrid,Real Madrid CF,3,3
La Liga,2024,2024-12-15T13:00:00Z,Club Atlético de Madrid,Getafe CF,1,0
La Liga,2024,2024-12-15T15:15:00Z,Deportivo Alavés,Athletic Club,1,1
La Liga,2024,2024-12-15T17:30:00Z,Villarreal CF,Real Betis Balompié,1,2
La Liga,2024,2024-12-15T17:30:00Z,Real Sociedad de Fútbol,UD Las Palmas,0,0
La Liga,2024,2024-12-15T20:00:00Z,FC Barcelona,CD Leganés,0,1
La Liga,2024,2024-12-18T20:30:00Z,Villarreal CF,Rayo Vallecano de Madrid,1,1
La Liga,2024,2024-12-18T20:30:00Z,RCD Espanyol de Barcelona,Valencia CF,1,1
La Liga,2024,2024-12-20T20:00:00Z,Girona FC,Real Valladolid CF,3,0
La Liga,2024,2024-12-21T13:00:00Z,Getafe CF,RCD Mallorca,0,1
La Liga,2024,2024-12-21T15:15:00Z,RC Celta de Vigo,Real Sociedad de Fútbol,2,0
La Liga,2024,2024-12-21T17:30:00Z,CA Osasuna,Athletic Club,1,2
La Liga,2024,2024-12-21T20:00:00Z,FC Barcelona,Club Atlético de Madrid,1,2
La Liga,2024,2024-12-22T13:00:00Z,Valencia CF,Deportivo Alavés,2,2
La Liga,2024,2024-12-22T15:15:00Z,Real Madrid CF,Sevilla FC,4,2
La Liga,2024,2024-12-22T17:30:00Z,CD Leganés,Villarreal CF,2,5
La Liga,2024,2024-12-22T17:30:00Z,UD Las Palmas,RCD Espanyol de Barcelona,1,0
La Liga,2024,2024-12-22T20:00:00Z,Real Betis Balompié,Rayo Vallecano de Madrid,1,1
La Liga,2024,2025-01-03T20:00:00Z,Valencia CF,Real Madrid CF,1,2
La Liga,2024,2025-01-10T20:00:00Z,Rayo Vallecano de Madrid,RC Celta de Vigo,2,1
La Liga,2024,2025-01-11T13:00:00Z,Deportivo Alavés,Girona FC,0,1
La Liga,2024,2025-01-11T15:15:00Z,Real Valladolid CF,Real Betis Balompié,1,0
La Liga,2024,2025-01-11T17:30:00Z,RCD Espanyol de Barcelona,CD Leganés,1,1
La Liga,2024,2025-01-11T20:00:00Z,Sevilla FC,Valencia CF,1,1
La Liga,2024,2025-01-12T13:00:00Z,UD Las Palmas,Getafe CF,1,2
La Liga,2024,2025-01-12T15:15:00Z,Club Atlético de Madrid,CA Osasuna,1,0
La Liga,2024,2025-01-13T20:00:00Z,Real Sociedad de Fútbol,Villarreal CF,1,0
La Liga,2024,2025-01-17T20:00:00Z,RCD Espanyol de Barcelona,Real Valladolid CF,2,1
La Liga,2024,2025-01-18T13:00:00Z,Girona FC,Sevilla FC,1,2
La Liga,2024,2025-01-18T15:15:00Z,CD Leganés,Club Atlético de Madrid,1,0
La Liga,2024,2025-01-18T17:30:00Z,Real Betis Balompié,Deportivo Alavés,1,3
La Liga,2024,2025-01-18T20:00:00Z,Getafe CF,FC Barcelona,1,1
La Liga,2024,2025-01-19T13:00:00Z,RC Celta de Vigo,Athletic Club,1,2
La Liga,2024,2025-01-19T15:15:00Z,Real Madrid CF,UD Las Palmas,4,1
La Liga,2024,2025-01-19T17:30:00Z,CA Osasuna,Rayo Vallecano de Madrid,1,1
La Liga,2024,2025-01-19T20:00:00Z,Valencia CF,Real Sociedad de Fútbol,1,0
La Liga,2024,2025-01-20T20:00:00Z,Villarreal CF,RCD Mallorca,4,0
La Liga,2024,2025-01-24T20:00:00Z,UD Las Palmas,CA Osasuna,1,1
La Liga,2024,2025-01-25T13:00:00Z,RCD Mallorca,Real Betis Balompié,0,1
La Liga,2024,2025-01-25T15:15:00Z,Club Atlético de Madrid,Villarreal CF,1,1
La Liga,2024,2025-01-25T17:30:00Z,Sevilla FC,RCD Espanyol de Barcelona,1,1
La Liga,2024,2025-01-25T20:00:00Z,Real Valladolid CF,Real Madrid CF,0,3
La Liga,2024,2025-01-26T13:00:00Z,Rayo Vallecano de Madrid,Girona FC,2,1
La Liga,2024,2025-01-26T15:15:00Z,Real Sociedad de Fútbol,Getafe CF,0,3
La Liga,2024,2025-01-26T17:30:00Z,Athletic Club,CD Leganés,0,0
La Liga,2024,2025-01-26T20:00:00Z,FC Barcelona,Valencia CF,7,1
La Liga,2024,2025-01-27T20:00:00Z,Deportivo Alavés,RC Celta de Vigo,1,1
La Liga,2024,2025-01-31T20:00:00Z,CD Leganés,Rayo Vallecano de Madrid,0,1
La Liga,2024,2025-02-01T13:00:00Z,Getafe CF,Sevilla FC,0,0
La Liga,2024,2025-02-01T15:15:00Z,Villarreal CF,Real Valladolid CF,5,1
La Liga,2024,2025-02-01T17:30:00Z,Club Atlético de Madrid,RCD Mallorca,2,0
La Liga,2024,2025-02-01T20:00:00Z,RCD Espanyol de Barcelona,Real Madrid CF,1,0
La Liga,2024,2025-02-02T13:00:00Z,FC Barcelona,Deportivo Alavés,1,0
La Liga,2024,2025-02-02T15:15:00Z,Valencia CF,RC Celta de Vigo,2,1
La Liga,2024,2025-02-02T17:30:00Z,CA Osasuna,Real Sociedad de Fútbol,2,1
La Liga,2024,2025-02-02T20:00:00Z,Real Betis Balompié,Athletic Club,2,2
La Liga,2024,2025-02-03T20:00:00Z,Girona FC,UD Las Palmas,2,1
La Liga,2024,2025-02-07T20:00:00Z,Rayo Vallecano de Madrid,Real Valladolid CF,1,0
La Liga,2024,2025-02-08T13:00:00Z,RC Celta de Vigo,Real Betis Balompié,3,2
La Liga,2024,2025-02-08T15:15:00Z,Athletic Club,Girona FC,3,0
La Liga,2024,2025-02-08T17:30:00Z,UD Las Palmas,Villarreal CF,1,2
La Liga,2024,2025-02-08T20:00:00Z,Real Madrid CF,Club Atlético de Madrid,1,1
La Liga,2024,2025-02-09T13:00:00Z,Deportivo Alavés,Getafe CF,0,1
La Liga,2024,2025-02-09T15:15:00Z,Valencia CF,CD Leganés,2,0
La Liga,2024,2025-02-09T17:30:00Z,Real Sociedad de Fútbol,RCD Espanyol de Barcelona,2,1
La Liga,2024,2025-02-09T20:00:00Z,Sevilla FC,FC Barcelona,1,4
La Liga,2024,2025-02-10T20:00:00Z,RCD Mallorca,CA Osasuna,1,1
La Liga,2024,2025-02-14T20:00:00Z,Girona FC,Getafe CF,1,2
La Liga,2024,2025-02-15T13:00:00Z,CD Leganés,Deportivo Alavés,3,3
La Liga,2024,2025-02-15T15:15:00Z,CA Osasuna,Real Madrid CF,1,1
La Liga,2024,2025-02-15T17:30:00Z,Club Atlético de Madrid,RC Celta de Vigo,1,1
La Liga,2024,2025-02-15T20:00:00Z,Villarreal CF,Valencia CF,1,1
La Liga,2024,2025-02-16T13:00:00Z,RCD Espanyol de Barcelona,Athletic Club,1,1
La Liga,2024,2025-02-16T15:15:00Z,Real Valladolid CF,Sevilla FC,0,4
La Liga,2024,2025-02-16T17:30:00Z,RCD Mallorca,UD Las Palmas,3,1
La Liga,2024,2025-02-16T20:00:00Z,Real Betis Balompié,Real Sociedad de Fútbol,3,0
La Liga,2024,2025-02-17T20:00:00Z,FC Barcelona,Rayo Vallecano de Madrid,1,0
La Liga,2024,2025-02-21T20:00:00Z,RC Celta de Vigo,CA Osasuna,1,0
La Liga,2024,2025-02-22T13:00:00Z,Deportivo Alavés,RCD Espanyol de Barcelona,0,1
La Liga,2024,2025-02-22T15:15:00Z,Rayo Vallecano de Madrid,Villarreal CF,0,1
La Liga,2024,2025-02-22T17:30:00Z,Valencia CF,Club Atlético de Madrid,0,3
La Liga,2024,2025-02-22T20:00:00Z,UD Las Palmas,FC Barcelona,0,2
La Liga,2024,2025-02-23T13:00:00Z,Athletic Club,Real Valladolid CF,7,1
La Liga,2024,2025-02-23T15:15:00Z,Real Madrid CF,Girona FC,2,0
La Liga,2024,2025-02-23T17:30:00Z,Getafe CF,Real Betis Balompié,1,2
La Liga,2024,2025-02-23T20:00:00Z,Real Sociedad de Fútbol,CD Leganés,3,0
La Liga,2024,2025-02-24T20:00:00Z,Sevilla FC,RCD Mallorca,1,1
La Liga,2024,2025-02-28T20:00:00Z,Real Valladolid CF,UD Las Palmas,1,1
La Liga,2024,2025-03-01T13:00:00Z,Girona FC,RC Celta de Vigo,2,2
La Liga,2024,2025-03-01T15:15:00Z,Rayo Vallecano de Madrid,Sevilla FC,1,1
La Liga,2024,2025-03-01T17:30:00Z,Real Betis Balompié,Real Madrid CF,2,1
La Liga,2024,2025-03-01T20:00:00Z,Club Atlético de Madrid,Athletic Club,1,0
La Liga,2024,2025-03-02T13:00:00Z,CD Leganés,Getafe CF,1,0
La Liga,2024,2025-03-02T15:15:00Z,FC Barcelona,Real Sociedad de Fútbol,4,0
La Liga,2024,2025-03-02T17:30:00Z,RCD Mallorca,Deportivo Alavés,1,1
La Liga,2024,2025-03-02T20:00:00Z,CA Osasuna,Valencia CF,3,3
La Liga,2024,2025-03-08T13:00:00Z,RC Celta de Vigo,CD Leganés,2,1
La Liga,2024,2025-03-08T15:15:00Z,Deportivo Alavés,Villarreal CF,1,0
La Liga,2024,2025-03-08T17:30:00Z,Valencia CF,Real Valladolid CF,2,1
La Liga,2024,2025-03-09T13:00:00Z,Getafe CF,Club Atlético de Madrid,2,1
La Liga,2024,2025-03-09T15:15:00Z,Real Madrid CF,Rayo Vallecano de Madrid,2,1
La Liga,2024,2025-03-09T17:30:00Z,Athletic Club,RCD Mallorca,1,1
La Liga,2024,2025-03-09T17:30:00Z,Real Betis Balompié,UD Las Palmas,1,0
La Liga,2024,2025-03-09T20:00:00Z,Real Sociedad de Fútbol,Sevilla FC,0,1
La Liga,2024,2025-03-10T20:00:00Z,RCD Espanyol de Barcelona,Girona FC,1,1
La Liga,2024,2025-03-14T20:00:00Z,UD Las Palmas,Deportivo Alavés,2,2
La Liga,2024,2025-03-15T13:00:00Z,Real Valladolid CF,RC Celta de Vigo,0,1
La Liga,2024,2025-03-15T15:15:00Z,RCD Mallorca,RCD Espanyol de Barcelona,2,1
La Liga,2024,2025-03-15T17:30:00Z,Villarreal CF,Real Madrid CF,1,2
La Liga,2024,2025-03-15T20:00:00Z,Girona FC,Valencia CF,1,1
La Liga,2024,2025-03-16T13:00:00Z,CD Leganés,Real Betis Balompié,2,3
La Liga,2024,2025-03-16T15:15:00Z,Sevilla FC,Athletic Club,0,1
La Liga,2024,2025-03-16T17:30:00Z,CA Osasuna,Getafe CF,1,2
La Liga,2024,2025-03-16T17:30:00Z,Rayo Vallecano de Madrid,Real Sociedad de Fútbol,2,2
La Liga,2024,2025-03-16T20:00:00Z,Club Atlético de Madrid,FC Barcelona,2,4
La Liga,2024,2025-03-27T20:00:00Z,FC Barcelona,CA Osasuna,3,0
La Liga,2024,2025-03-29T13:00:00Z,Real Sociedad de Fútbol,Real Valladolid CF,2,1
La Liga,2024,2025-03-29T15:15:00Z,RCD Espanyol de Barcelona,Club Atlético de Madrid,1,1
La Liga,2024,2025-03-29T17:30:00Z,Deportivo Alavés,Rayo Vallecano de Madrid,0,2
La Liga,2024,2025-03-29T20:00:00Z,Real Madrid CF,CD Leganés,3,2
La Liga,2024,2025-03-30T12:00:00Z,Getafe CF,Villarreal CF,1,2
La Liga,2024,2025-03-30T14:15:00Z,FC Barcelona,Girona FC,4,1
La Liga,2024,2025-03-30T16:30:00Z,Athletic Club,CA Osasuna,0,0
La Liga,2024,2025-03-30T16:30:00Z,Valencia CF,RCD Mallorca,1,0
La Liga,2024,2025-03-30T19:00:00Z,Real Betis Balompié,Sevilla FC,2,1
La Liga,2024,2025-03-31T19:00:00Z,RC Celta de Vigo,UD Las Palmas,1,1
La Liga,2024,2025-04-04T19:00:00Z,Rayo Vallecano de Madrid,RCD Espanyol de Barcelona,0,4
La Liga,2024,2025-04-05T12:00:00Z,Girona FC,Deportivo Alavés,0,1
La Liga,2024,2025-04-05T14:15:00Z,Real Madrid CF,Valencia CF,1,2
La Liga,2024,2025-04-05T16:30:00Z,RCD Mallorca,RC Celta de Vigo,1,2
La Liga,2024,2025-04-05T19:00:00Z,FC Barcelona,Real Betis Balompié,1,1
La Liga,2024,2025-04-06T12:00:00Z,UD Las Palmas,Real Sociedad de Fútbol,1,3
La Liga,2024,2025-04-06T14:15:00Z,Sevilla FC,Club Atlético de Madrid,1,2
La Liga,2024,2025-04-06T16:30:00Z,Real Valladolid CF,Getafe CF,0,4
La Liga,2024,2025-04-06T19:00:00Z,Villarreal CF,Athletic Club,0,0
La Liga,2024,2025-04-07T19:00:00Z,CD Leganés,CA Osasuna,1,1
La Liga,2024,2025-04-11T19:00:00Z,Valencia CF,Sevilla FC,1,0
La Liga,2024,2025-04-12T12:00:00Z,Real Sociedad de Fútbol,RCD Mallorca,0,2
La Liga,2024,2025-04-12T14:15:00Z,Getafe CF,UD Las Palmas,1,3
La Liga,2024,2025-04-12T16:30:00Z,RC Celta de Vigo,RCD Espanyol de Barcelona,0,2
La Liga,2024,2025-04-12T19:00:00Z,CD Leganés,FC Barcelona,0,1
La Liga,2024,2025-04-13T12:00:00Z,CA Osasuna,Girona FC,2,1
La Liga,2024,2025-04-13T14:15:00Z,Deportivo Alavés,Real Madrid CF,0,1
La Liga,2024,2025-04-13T16:30:00Z,Real Betis Balompié,Villarreal CF,1,2
La Liga,2024,2025-04-13T19:00:00Z,Athletic Club,Rayo Vallecano de Madrid,3,1
La Liga,2024,2025-04-14T19:00:00Z,Club Atlético de Madrid,Real Valladolid CF,4,2
La Liga,2024,2025-04-18T19:00:00Z,RCD Espanyol de Barcelona,Getafe CF,1,0
La Liga,2024,2025-04-19T12:00:00Z,Rayo Vallecano de Madrid,Valencia CF,1,1
La Liga,2024,2025-04-19T14:15:00Z,FC Barcelona,RC Celta de Vigo,4,3
La Liga,2024,2025-04-19T16:30:00Z,RCD Mallorca,CD Leganés,0,0
La Liga,2024,2025-04-19T19:00:00Z,UD Las Palmas,Club Atlético de Madrid,1,0
La Liga,2024,2025-04-20T12:00:00Z,Real Valladolid CF,CA Osasuna,2,3
La Liga,2024,2025-04-20T14:15:00Z,Villarreal CF,Real Sociedad de Fútbol,2,2
La Liga,2024,2025-04-20T16:30:00Z,Sevilla FC,Deportivo Alavés,1,1
La Liga,2024,2025-04-20T19:00:00Z,Real Madrid CF,Athletic Club,1,0
La Liga,2024,2025-04-21T19:00:00Z,Girona FC,Real Betis Balompié,1,3
La Liga,2024,2025-04-22T17:00:00Z,Valencia CF,RCD Espanyol de Barcelona,1,1
La Liga,2024,2025-04-22T19:30:00Z,FC Barcelona,RCD Mallorca,1,0
La Liga,2024,2025-04-23T17:00:00Z,Athletic Club,UD Las Palmas,1,0
La Liga,2024,2025-04-23T17:00:00Z,RC Celta de Vigo,Villarreal CF,3,0
La Liga,2024,2025-04-23T19:30:00Z,Deportivo Alavés,Real Sociedad de Fútbol,1,0
La Liga,2024,2025-04-23T19:30:00Z,Getafe CF,Real Madrid CF,0,1
La Liga,2024,2025-04-24T17:00:00Z,CA Osasuna,Sevilla FC,1,0
La Liga,2024,2025-04-24T17:00:00Z,CD Leganés,Girona FC,1,1
La Liga,2024,2025-04-24T19:30:00Z,Club Atlético de Madrid,Rayo Vallecano de Madrid,3,0
La Liga,2024,2025-04-24T19:30:00Z,Real Betis Balompié,Real Valladolid CF,5,1
La Liga,2024,2025-04-27T14:15:00Z,Villarreal CF,RCD Espanyol de Barcelona,1,0
La Liga,2024,2025-05-02T19:00:00Z,Rayo Vallecano de Madrid,Getafe CF,1,0
La Liga,2024,2025-05-03T12:00:00Z,Deportivo Alavés,Club Atlético de Madrid,0,0
La Liga,2024,2025-05-03T14:15:00Z,Villarreal CF,CA Osasuna,4,2
La Liga,2024,2025-05-03T16:30:00Z,UD Las Palmas,Valencia CF,2,3
La Liga,2024,2025-05-03T19:00:00Z,Real Valladolid CF,FC Barcelona,1,2
La Liga,2024,2025-05-04T12:00:00Z,Real Madrid CF,RC Celta de Vigo,3,2
La Liga,2024,2025-05-04T14:15:00Z,Sevilla FC,CD Leganés,2,2
La Liga,2024,2025-05-04T16:30:00Z,RCD Espanyol de Barcelona,Real Betis Balompié,1,2
La Liga,2024,2025-05-04T19:00:00Z,Real Sociedad de Fútbol,Athletic Club,0,0
La Liga,2024,2025-05-05T19:00:00Z,Girona FC,RCD Mallorca,1,0
La Liga,2024,2025-05-09T19:00:00Z,UD Las Palmas,Rayo Vallecano de Madrid,0,1
La Liga,2024,2025-05-10T12:00:00Z,Valencia CF,Getafe CF,3,0
La Liga,2024,2025-05-10T14:15:00Z,RC Celta de Vigo,Sevilla FC,3,2
La Liga,2024,2025-05-10T16:30:00Z,Girona FC,Villarreal CF,0,1
La Liga,2024,2025-05-10T16:30:00Z,RCD Mallorca,Real Valladolid CF,2,1
La Liga,2024,2025-05-10T19:00:00Z,Club Atlético de Madrid,Real Sociedad de Fútbol,4,0
La Liga,2024,2025-05-11T12:00:00Z,CD Leganés,RCD Espanyol de Barcelona,3,2
La Liga,2024,2025-05-11T14:15:00Z,FC Barcelona,Real Madrid CF,4,3
La Liga,2024,2025-05-11T16:30:00Z,Athletic Club,Deportivo Alavés,1,0
La Liga,2024,2025-05-11T19:00:00Z,Real Betis Balompié,CA Osasuna,1,1
La Liga,2024,2025-05-13T17:00:00Z,Real Valladolid CF,Girona FC,0,1
La Liga,2024,2025-05-13T18:00:00Z,Real Sociedad de Fútbol,RC Celta de Vigo,0,1
La Liga,2024,2025-05-13T19:30:00Z,Sevilla FC,UD Las Palmas,1,0
La Liga,2024,2025-05-14T17:00:00Z,Deportivo Alavés,Valencia CF,1,0
La Liga,2024,2025-05-14T17:00:00Z,Villarreal CF,CD Leganés,3,0
La Liga,2024,2025-05-14T19:30:00Z,Real Madrid CF,RCD Mallorca,2,1
La Liga,2024,2025-05-15T17:00:00Z,CA Osasuna,Club Atlético de Madrid,2,0
La Liga,2024,2025-05-15T17:00:00Z,Rayo Vallecano de Madrid,Real Betis Balompié,2,2
La Liga,2024,2025-05-15T19:30:00Z,Getafe CF,Athletic Club,0,2
La Liga,2024,2025-05-15T19:30:00Z,RCD Espanyol de Barcelona,FC Barcelona,0,2
La Liga,2024,2025-05-18T17:00:00Z,Club Atlético de Madrid,Real Betis Balompié,4,1
La Liga,2024,2025-05-18T17:00:00Z,RC Celta de Vigo,Rayo Vallecano de Madrid,1,2
La Liga,2024,2025-05-18T17:00:00Z,FC Barcelona,Villarreal CF,2,3
La Liga,2024,2025-05-18T17:00:00Z,Sevilla FC,Real Madrid CF,0,2
La Liga,2024,2025-05-18T17:00:00Z,Valencia CF,Athletic Club,0,1
La Liga,2024,2025-05-18T17:00:00Z,RCD Mallorca,Getafe CF,1,2
La Liga,2024,2025-05-18T17:00:00Z,Real Sociedad de Fútbol,Girona FC,3,2
La Liga,2024,2025-05-18T17:00:00Z,Real Valladolid CF,Deportivo Alavés,0,1
La Liga,2024,2025-05-18T17:00:00Z,UD Las Palmas,CD Leganés,0,1
La Liga,2024,2025-05-18T17:00:00Z,CA Osasuna,RCD Espanyol de Barcelona,2,0
La Liga,2024,2025-05-23T19:00:00Z,Real Betis Balompié,Valencia CF,1,1
La Liga,2024,2025-05-24T14:15:00Z,Real Madrid CF,Real Sociedad de Fútbol,2,0
La Liga,2024,2025-05-24T16:30:00Z,CD Leganés,Real Valladolid CF,3,0
La Liga,2024,2025-05-24T16:30:00Z,RCD Espanyol de Barcelona,UD Las Palmas,2,0
La Liga,2024,2025-05-24T19:00:00Z,Deportivo Alavés,CA Osasuna,1,1
La Liga,2024,2025-05-24T19:00:00Z,Getafe CF,RC Celta de Vigo,1,2
La Liga,2024,2025-05-24T19:00:00Z,Rayo Vallecano de Madrid,RCD Mallorca,0,0
La Liga,2024,2025-05-25T12:00:00Z,Girona FC,Club Atlético de Madrid,0,4
La Liga,2024,2025-05-25T14:15:00Z,Villarreal CF,Sevilla FC,4,2
La Liga,2024,2025-05-25T19:00:00Z,Athletic Club,FC Barcelona,0,3
Serie A,2023,2023-08-19T16:30:00Z,Empoli FC,Hellas Verona FC,0,1
Serie A,2023,2023-08-19T16:30:00Z,Frosinone Calcio,SSC Napoli,1,3
Serie A,2023,2023-08-19T18:45:00Z,Genoa CFC,ACF Fiorentina,1,4
Serie A,2023,2023-08-19T18:45:00Z,FC Internazionale Milano,AC Monza,2,0
Serie A,2023,2023-08-20T16:30:00Z,AS Roma,US Salernitana 1919,2,2
Serie A,2023,2023-08-20T16:30:00Z,US Sassuolo Calcio,Atalanta BC,0,2
Serie A,2023,2023-08-20T18:45:00Z,US Lecce,SS Lazio,2,1
Serie A,2023,2023-08-20T18:45:00Z,Udinese Calcio,Juventus FC,0,3
Serie A,2023,2023-08-21T16:30:00Z,Torino FC,Cagliari Calcio,0,0
Serie A,2023,2023-08-21T18:45:00Z,Bologna FC 1909,AC Milan,0,2
Serie A,2023,2023-08-26T16:30:00Z,Frosinone Calcio,Atalanta BC,2,1
Serie A,2023,2023-08-26T16:30:00Z,AC Monza,Empoli FC,2,0
Serie A,2023,2023-08-26T18:45:00Z,Hellas Verona FC,AS Roma,2,1
Serie A,2023,2023-08-26T18:45:00Z,AC Milan,Torino FC,4,1
Serie A,2023,2023-08-27T16:30:00Z,ACF Fiorentina,US Lecce,2,2
Serie A,2023,2023-08-27T16:30:00Z,Juventus FC,Bologna FC 1909,1,1
Serie A,2023,2023-08-27T18:45:00Z,SS Lazio,Genoa CFC,0,1
Serie A,2023,2023-08-27T18:45:00Z,SSC Napoli,US Sassuolo Calcio,2,0
Serie A,2023,2023-08-28T16:30:00Z,US Salernitana 1919,Udinese Calcio,1,1
Serie A,2023,2023-08-28T18:45:00Z,Cagliari Calcio,FC Internazionale Milano,0,2
Serie A,2023,2023-09-01T16:30:00Z,US Sassuolo Calcio,Hellas Verona FC,3,1
Serie A,2023,2023-09-01T18:45:00Z,AS Roma,AC Milan,1,2
Serie A,2023,2023-09-02T16:30:00Z,Bologna FC 1909,Cagliari Calcio,2,1
Serie A,2023,2023-09-02T16:30:00Z,Udinese Calcio,Frosinone Calcio,0,0
Serie A,2023,2023-09-02T18:45:00Z,Atalanta BC,AC Monza,3,0
Serie A,2023,2023-09-02T18:45:00Z,SSC Napoli,SS Lazio,1,2
Serie A,2023,2023-09-03T16:30:00Z,FC Internazionale Milano,ACF Fiorentina,4,0
Serie A,2023,2023-09-03T16:30:00Z,Torino FC,Genoa CFC,1,0
Serie A,2023,2023-09-03T18:45:00Z,Empoli FC,Juventus FC,0,2
Serie A,2023,2023-09-03T18:45:00Z,US Lecce,US Salernitana 1919,2,0
Serie A,2023,2023-09-16T13:00:00Z,Juventus FC,SS Lazio,3,1
Serie A,2023,2023-09-16T16:00:00Z,FC Internazionale Milano,AC Milan,5,1
Serie A,2023,2023-09-16T18:45:00Z,Genoa CFC,SSC Napoli,2,2
Serie A,2023,2023-09-17T10:30:00Z,Cagliari Calcio,Udinese Calcio,0,0
Serie A,2023,2023-09-17T13:00:00Z,Frosinone Calcio,US Sassuolo Calcio,4,2
Serie A,2023,2023-09-17T13:00:00Z,AC Monza,US Lecce,1,1
Serie A,2023,2023-09-17T16:00:00Z,ACF Fiorentina,Atalanta BC,3,2
Serie A,2023,2023-09-17T18:45:00Z,AS Roma,Empoli FC,7,0
Serie A,2023,2023-09-18T16:30:00Z,US Salernitana 1919,Torino FC,0,3
Serie A,2023,2023-09-18T18:45:00Z,Hellas Verona FC,Bologna FC 1909,0,0
Serie A,2023,2023-09-22T16:30:00Z,US Salernitana 1919,Frosinone Calcio,1,1
Serie A,2023,2023-09-22T18:45:00Z,US Lecce,Genoa CFC,1,0
Serie A,2023,2023-09-23T13:00:00Z,AC Milan,Hellas Verona FC,1,0
Serie A,2023,2023-09-23T16:00:00Z,US Sassuolo Calcio,Juventus FC,4,2
Serie A,2023,2023-09-23T18:45:00Z,SS Lazio,AC Monza,1,1
Serie A,2023,2023-09-24T10:30:00Z,Empoli FC,FC Internazionale Milano,0,1
Serie A,2023,2023-09-24T13:00:00Z,Atalanta BC,Cagliari Calcio,2,0
Serie A,2023,2023-09-24T13:00:00Z,Udinese Calcio,ACF Fiorentina,0,2
Serie A,2023,2023-09-24T16:00:00Z,Bologna FC 1909,SSC Napoli,0,0
Serie A,2023,2023-09-24T18:45:00Z,Torino FC,AS Roma,1,1
Serie A,2023,2023-09-26T18:45:00Z,Juventus FC,US Lecce,1,0
Serie A,2023,2023-09-27T16:30:00Z,Cagliari Calcio,AC Milan,1,3
Serie A,2023,2023-09-27T16:30:00Z,Empoli FC,US Salernitana 1919,1,0
Serie A,2023,2023-09-27T16:30:00Z,Hellas Verona FC,Atalanta BC,0,1
Serie A,2023,2023-09-27T18:45:00Z,FC Internazionale Milano,US Sassuolo Calcio,1,2
Serie A,2023,2023-09-27T18:45:00Z,SS Lazio,Torino FC,2,0
Serie A,2023,2023-09-27T18:45:00Z,SSC Napoli,Udinese Calcio,4,1
Serie A,2023,2023-09-28T16:30:00Z,Frosinone Calcio,ACF Fiorentina,1,1
Serie A,2023,2023-09-28T16:30:00Z,AC Monza,Bologna FC 1909,0,0
Serie A,2023,2023-09-28T18:45:00Z,Genoa CFC,AS Roma,4,1
Serie A,2023,2023-09-30T13:00:00Z,US Lecce,SSC Napoli,0,4
Serie A,2023,2023-09-30T16:00:00Z,AC Milan,SS Lazio,2,0
Serie A,2023,2023-09-30T18:45:00Z,US Salernitana 1919,FC Internazionale Milano,0,4
Serie A,2023,2023-10-01T10:30:00Z,Bologna FC 1909,Empoli FC,3,0
Serie A,2023,2023-10-01T13:00:00Z,Udinese Calcio,Genoa CFC,2,2
Serie A,2023,2023-10-01T16:00:00Z,Atalanta BC,Juventus FC,0,0
Serie A,2023,2023-10-01T18:45:00Z,AS Roma,Frosinone Calcio,2,0
Serie A,2023,2023-10-02T16:30:00Z,US Sassuolo Calcio,AC Monza,0,1
Serie A,2023,2023-10-02T16:30:00Z,Torino FC,Hellas Verona FC,0,0
Serie A,2023,2023-10-02T18:45:00Z,ACF Fiorentina,Cagliari Calcio,3,0
Serie A,2023,2023-10-06T16:30:00Z,Empoli FC,Udinese Calcio,0,0
Serie A,2023,2023-10-06T18:45:00Z,US Lecce,US Sassuolo Calcio,1,1
Serie A,2023,2023-10-07T13:00:00Z,FC Internazionale Milano,Bologna FC 1909,2,2
Serie A,2023,2023-10-07T16:00:00Z,Juventus FC,Torino FC,2,0
Serie A,2023,2023-10-07T18:45:00Z,Genoa CFC,AC Milan,0,1
Serie A,2023,2023-10-08T10:30:00Z,AC Monza,US Salernitana 1919,3,0
Serie A,2023,2023-10-08T13:00:00Z,Frosinone Calcio,Hellas Verona FC,2,1
Serie A,2023,2023-10-08T13:00:00Z,SS Lazio,Atalanta BC,3,2
Serie A,2023,2023-10-08T16:00:00Z,Cagliari Calcio,AS Roma,1,4
Serie A,2023,2023-10-08T18:45:00Z,SSC Napoli,ACF Fiorentina,1,3
Serie A,2023,2023-10-21T13:00:00Z,Hellas Verona FC,SSC Napoli,1,3
Serie A,2023,2023-10-21T16:00:00Z,Torino FC,FC Internazionale Milano,0,3
Serie A,2023,2023-10-21T18:45:00Z,US Sassuolo Calcio,SS Lazio,0,2
Serie A,2023,2023-10-22T10:30:00Z,AS Roma,AC Monza,1,0
Serie A,2023,2023-10-22T13:00:00Z,Bologna FC 1909,Frosinone Calcio,2,1
Serie A,2023,2023-10-22T13:00:00Z,US Salernitana 1919,Cagliari Calcio,2,2
Serie A,2023,2023-10-22T16:00:00Z,Atalanta BC,Genoa CFC,2,0
Serie A,2023,2023-10-22T18:45:00Z,AC Milan,Juventus FC,0,1
Serie A,2023,2023-10-23T16:30:00Z,Udinese Calcio,US Lecce,1,1
Serie A,2023,2023-10-23T18:45:00Z,ACF Fiorentina,Empoli FC,0,2
Serie A,2023,2023-10-27T18:45:00Z,Genoa CFC,US Salernitana 1919,1,0
Serie A,2023,2023-10-28T13:00:00Z,US Sassuolo Calcio,Bologna FC 1909,1,1
Serie A,2023,2023-10-28T16:00:00Z,US Lecce,Torino FC,0,1
Serie A,2023,2023-10-28T18:45:00Z,Juventus FC,Hellas Verona FC,1,0
Serie A,2023,2023-10-29T11:30:00Z,Cagliari Calcio,Frosinone Calcio,4,3
Serie A,2023,2023-10-29T14:00:00Z,AC Monza,Udinese Calcio,1,1
Serie A,2023,2023-10-29T17:00:00Z,FC Internazionale Milano,AS Roma,1,0
Serie A,2023,2023-10-29T19:45:00Z,SSC Napoli,AC Milan,2,2
Serie A,2023,2023-10-30T17:30:00Z,Empoli FC,Atalanta BC,0,3
Serie A,2023,2023-10-30T19:45:00Z,SS Lazio,ACF Fiorentina,1,0
Serie A,2023,2023-11-03T19:45:00Z,Bologna FC 1909,SS Lazio,1,0
Serie A,2023,2023-11-04T14:00:00Z,US Salernitana 1919,SSC Napoli,0,2
Serie A,2023,2023-11-04T17:00:00Z,Atalanta BC,FC Internazionale Milano,1,2
Serie A,2023,2023-11-04T19:45:00Z,AC Milan,Udinese Calcio,0,1
Serie A,2023,2023-11-05T11:30:00Z,Hellas Verona FC,AC Monza,1,3
Serie A,2023,2023-11-05T14:00:00Z,Cagliari Calcio,Genoa CFC,2,1
Serie A,2023,2023-11-05T17:00:00Z,AS Roma,US Lecce,2,1
Serie A,2023,2023-11-05T19:45:00Z,ACF Fiorentina,Juventus FC,0,1
Serie A,2023,2023-11-06T17:30:00Z,Frosinone Calcio,Empoli FC,2,1
Serie A,2023,2023-11-06T19:45:00Z,Torino FC,US Sassuolo Calcio,2,1
Serie A,2023,2023-11-10T17:30:00Z,US Sassuolo Calcio,US Salernitana 1919,2,2
Serie A,2023,2023-11-10T19:45:00Z,Genoa CFC,Hellas Verona FC,1,0
Serie A,2023,2023-11-11T14:00:00Z,US Lecce,AC Milan,2,2
Serie A,2023,2023-11-11T17:00:00Z,Juventus FC,Cagliari Calcio,2,1
Serie A,2023,2023-11-11T19:45:00Z,AC Monza,Torino FC,1,1
Serie A,2023,2023-11-12T11:30:00Z,SSC Napoli,Empoli FC,0,1
Serie A,2023,2023-11-12T14:00:00Z,ACF Fiorentina,Bologna FC 1909,2,1
Serie A,2023,2023-11-12T14:00:00Z,Udinese Calcio,Atalanta BC,1,1
Serie A,2023,2023-11-12T17:00:00Z,SS Lazio,AS Roma,0,0
Serie A,2023,2023-11-12T19:45:00Z,FC Internazionale Milano,Frosinone Calcio,2,0
Serie A,2023,2023-11-25T14:00:00Z,US Salernitana 1919,SS Lazio,2,1
Serie A,2023,2023-11-25T17:00:00Z,Atalanta BC,SSC Napoli,1,2
Serie A,2023,2023-11-25T19:45:00Z,AC Milan,ACF Fiorentina,1,0
Serie A,2023,2023-11-26T11:30:00Z,Cagliari Calcio,AC Monza,1,1
Serie A,2023,2023-11-26T14:00:00Z,Empoli FC,US Sassuolo Calcio,3,4
Serie A,2023,2023-11-26T14:00:00Z,Frosinone Calcio,Genoa CFC,2,1
Serie A,2023,2023-11-26T17:00:00Z,AS Roma,Udinese Calcio,3,1
Serie A,2023,2023-11-26T19:45:00Z,Juventus FC,FC Internazionale Milano,1,1
Serie A,2023,2023-11-27T17:30:00Z,Hellas Verona FC,US Lecce,2,2
Serie A,2023,2023-11-27T19:45:00Z,Bologna FC 1909,Torino FC,2,0
Serie A,2023,2023-12-01T19:45:00Z,AC Monza,Juventus FC,1,2
Serie A,2023,2023-12-02T14:00:00Z,Genoa CFC,Empoli FC,1,1
Serie A,2023,2023-12-02T17:00:00Z,SS Lazio,Cagliari Calcio,1,0
Serie A,2023,2023-12-02T19:45:00Z,AC Milan,Frosinone Calcio,3,1
Serie A,2023,2023-12-03T11:30:00Z,US Lecce,Bologna FC 1909,1,1
Serie A,2023,2023-12-03T14:00:00Z,ACF Fiorentina,US Salernitana 1919,3,0
Serie A,2023,2023-12-03T14:00:00Z,Udinese Calcio,Hellas Verona FC,3,3
Serie A,2023,2023-12-03T17:00:00Z,US Sassuolo Calcio,AS Roma,1,2
Serie A,2023,2023-12-03T19:45:00Z,SSC Napoli,FC Internazionale Milano,0,3
Serie A,2023,2023-12-04T19:45:00Z,Torino FC,Atalanta BC,3,0
Serie A,2023,2023-12-08T19:45:00Z,Juventus FC,SSC Napoli,1,0
Serie A,2023,2023-12-09T14:00:00Z,Hellas Verona FC,SS Lazio,1,1
Serie A,2023,2023-12-09T17:00:00Z,Atalanta BC,AC Milan,3,2
Serie A,2023,2023-12-09T19:45:00Z,FC Internazionale Milano,Udinese Calcio,4,0
Serie A,2023,2023-12-10T11:30:00Z,Frosinone Calcio,Torino FC,0,0
Serie A,2023,2023-12-10T14:00:00Z,AC Monza,Genoa CFC,1,0
Serie A,2023,2023-12-10T17:00:00Z,US Salernitana 1919,Bologna FC 1909,1,2
Serie A,2023,2023-12-10T19:45:00Z,AS Roma,ACF Fiorentina,1,1
Serie A,2023,2023-12-11T17:30:00Z,Empoli FC,US Lecce,1,1
Serie A,2023,2023-12-11T19:45:00Z,Cagliari Calcio,US Sassuolo Calcio,2,1
Serie A,2023,2023-12-15T19:45:00Z,Genoa CFC,Juventus FC,1,1
Serie A,2023,2023-12-16T14:00:00Z,US Lecce,Frosinone Calcio,2,1
Serie A,2023,2023-12-16T17:30:00Z,SSC Napoli,Cagliari Calcio,2,1
Serie A,2023,2023-12-16T19:45:00Z,Torino FC,Empoli FC,1,0
Serie A,2023,2023-12-17T11:30:00Z,AC Milan,AC Monza,3,0
Serie A,2023,2023-12-17T14:00:00Z,ACF Fiorentina,Hellas Verona FC,1,0
Serie A,2023,2023-12-17T14:00:00Z,Udinese Calcio,US Sassuolo Calcio,2,2
Serie A,2023,2023-12-17T17:00:00Z,Bologna FC 1909,AS Roma,2,0
Serie A,2023,2023-12-17T19:45:00Z,SS Lazio,FC Internazionale Milano,0,2
Serie A,2023,2023-12-18T19:45:00Z,Atalanta BC,US Salernitana 1919,4,1
Serie A,2023,2023-12-22T17:30:00Z,US Sassuolo Calcio,Genoa CFC,1,2
Serie A,2023,2023-12-22T17:30:00Z,Empoli FC,SS Lazio,0,2
Serie A,2023,2023-12-22T19:45:00Z,AC Monza,ACF Fiorentina,0,1
Serie A,2023,2023-12-22T19:45:00Z,US Salernitana 1919,AC Milan,2,2
Serie A,2023,2023-12-23T11:30:00Z,Frosinone Calcio,Juventus FC,1,2
Serie A,2023,2023-12-23T14:00:00Z,Torino FC,Udinese Calcio,1,1
Serie A,2023,2023-12-23T14:00:00Z,Bologna FC 1909,Atalanta BC,1,0
Serie A,2023,2023-12-23T17:00:00Z,Hellas Verona FC,Cagliari Calcio,2,0
Serie A,2023,2023-12-23T17:00:00Z,FC Internazionale Milano,US Lecce,2,0
Serie A,2023,2023-12-23T19:45:00Z,AS Roma,SSC Napoli,2,0
Serie A,2023,2023-12-29T17:30:00Z,ACF Fiorentina,Torino FC,1,0
Serie A,2023,2023-12-29T17:30:00Z,SSC Napoli,AC Monza,0,0
Serie A,2023,2023-12-29T19:45:00Z,Genoa CFC,FC Internazionale Milano,1,1
Serie A,2023,2023-12-29T19:45:00Z,SS Lazio,Frosinone Calcio,3,1
Serie A,2023,2023-12-30T11:30:00Z,Atalanta BC,US Lecce,1,0
Serie A,2023,2023-12-30T14:00:00Z,Cagliari Calcio,Empoli FC,0,0
Serie A,2023,2023-12-30T14:00:00Z,Udinese Calcio,Bologna FC 1909,3,0
Serie A,2023,2023-12-30T17:00:00Z,Hellas Verona FC,US Salernitana 1919,0,1
Serie A,2023,2023-12-30T17:00:00Z,AC Milan,US Sassuolo Calcio,1,0
Serie A,2023,2023-12-30T19:45:00Z,Juventus FC,AS Roma,1,0
Serie A,2023,2024-01-05T19:45:00Z,Bologna FC 1909,Genoa CFC,1,1
Serie A,2023,2024-01-06T11:30:00Z,FC Internazionale Milano,Hellas Verona FC,2,1
Serie A,2023,2024-01-06T14:00:00Z,Frosinone Calcio,AC Monza,2,3
Serie A,2023,2024-01-06T17:00:00Z,US Lecce,Cagliari Calcio,1,1
Serie A,2023,2024-01-06T19:45:00Z,US Sassuolo Calcio,ACF Fiorentina,1,0
Serie A,2023,2024-01-07T11:30:00Z,Empoli FC,AC Milan,0,3
Serie A,2023,2024-01-07T14:00:00Z,Torino FC,SSC Napoli,3,0
Serie A,2023,2024-01-07T14:00:00Z,Udinese Calcio,SS Lazio,1,2
Serie A,2023,2024-01-07T17:00:00Z,US Salernitana 1919,Juventus FC,1,2
Serie A,2023,2024-01-07T19:45:00Z,AS Roma,Atalanta BC,1,1
Serie A,2023,2024-01-13T14:00:00Z,Genoa CFC,Torino FC,0,0
Serie A,2023,2024-01-13T14:00:00Z,SSC Napoli,US Salernitana 1919,2,1
Serie A,2023,2024-01-13T17:00:00Z,Hellas Verona FC,Empoli FC,2,1
Serie A,2023,2024-01-13T19:45:00Z,AC Monza,FC Internazionale Milano,1,5
Serie A,2023,2024-01-14T11:30:00Z,SS Lazio,US Lecce,1,0
Serie A,2023,2024-01-14T14:00:00Z,Cagliari Calcio,Bologna FC 1909,2,1
Serie A,2023,2024-01-14T17:00:00Z,ACF Fiorentina,Udinese Calcio,2,2
Serie A,2023,2024-01-14T19:45:00Z,AC Milan,AS Roma,3,1
Serie A,2023,2024-01-15T19:45:00Z,Atalanta BC,Frosinone Calcio,5,0
Serie A,2023,2024-01-16T19:45:00Z,Juventus FC,US Sassuolo Calcio,3,0
Serie A,2023,2024-01-20T17:00:00Z,AS Roma,Hellas Verona FC,2,1
Serie A,2023,2024-01-20T19:45:00Z,Udinese Calcio,AC Milan,2,3
Serie A,2023,2024-01-21T11:30:00Z,Frosinone Calcio,Cagliari Calcio,3,1
Serie A,2023,2024-01-21T14:00:00Z,Empoli FC,AC Monza,3,0
Serie A,2023,2024-01-21T17:00:00Z,US Salernitana 1919,Genoa CFC,1,2
Serie A,2023,2024-01-21T19:45:00Z,US Lecce,Juventus FC,0,3
Serie A,2023,2024-01-26T19:45:00Z,Cagliari Calcio,Torino FC,1,2
Serie A,2023,2024-01-27T14:00:00Z,Atalanta BC,Udinese Calcio,2,0
Serie A,2023,2024-01-27T17:00:00Z,Juventus FC,Empoli FC,1,1
Serie A,2023,2024-01-27T19:45:00Z,AC Milan,Bologna FC 1909,2,2
Serie A,2023,2024-01-28T11:30:00Z,Genoa CFC,US Lecce,2,1
Serie A,2023,2024-01-28T14:00:00Z,Hellas Verona FC,Frosinone Calcio,1,1
Serie A,2023,2024-01-28T14:00:00Z,AC Monza,US Sassuolo Calcio,1,0
Serie A,2023,2024-01-28T17:00:00Z,SS Lazio,SSC Napoli,0,0
Serie A,2023,2024-01-28T19:45:00Z,ACF Fiorentina,FC Internazionale Milano,0,1
Serie A,2023,2024-01-29T19:45:00Z,US Salernitana 1919,AS Roma,1,2
Serie A,2023,2024-02-02T19:45:00Z,US Lecce,ACF Fiorentina,3,2
Serie A,2023,2024-02-03T14:00:00Z,Empoli FC,Genoa CFC,0,0
Serie A,2023,2024-02-03T14:00:00Z,Udinese Calcio,AC Monza,0,0
Serie A,2023,2024-02-03T17:00:00Z,Frosinone Calcio,AC Milan,2,3
Serie A,2023,2024-02-03T19:45:00Z,Bologna FC 1909,US Sassuolo Calcio,4,2
Serie A,2023,2024-02-04T11:30:00Z,Torino FC,US Salernitana 1919,0,0
Serie A,2023,2024-02-04T14:00:00Z,SSC Napoli,Hellas Verona FC,2,1
Serie A,2023,2024-02-04T17:00:00Z,Atalanta BC,SS Lazio,3,1
Serie A,2023,2024-02-04T19:45:00Z,FC Internazionale Milano,Juventus FC,1,0
Serie A,2023,2024-02-05T19:45:00Z,AS Roma,Cagliari Calcio,4,0
Serie A,2023,2024-02-09T19:45:00Z,US Salernitana 1919,Empoli FC,1,3
Serie A,2023,2024-02-10T14:00:00Z,Cagliari Calcio,SS Lazio,1,3
Serie A,2023,2024-02-10T17:00:00Z,AS Roma,FC Internazionale Milano,2,4
Serie A,2023,2024-02-10T19:45:00Z,US Sassuolo Calcio,Torino FC,1,1
Serie A,2023,2024-02-11T11:30:00Z,ACF Fiorentina,Frosinone Calcio,5,1
Serie A,2023,2024-02-11T14:00:00Z,Bologna FC 1909,US Lecce,4,0
Serie A,2023,2024-02-11T14:00:00Z,AC Monza,Hellas Verona FC,0,0
Serie A,2023,2024-02-11T17:00:00Z,Genoa CFC,Atalanta BC,1,4
Serie A,2023,2024-02-11T19:45:00Z,AC Milan,SSC Napoli,1,0
Serie A,2023,2024-02-12T19:45:00Z,Juventus FC,Udinese Calcio,0,1
Serie A,2023,2024-02-14T18:00:00Z,Bologna FC 1909,ACF Fiorentina,2,0
Serie A,2023,2024-02-16T18:00:00Z,Torino FC,US Lecce,2,0
Serie A,2023,2024-02-16T20:00:00Z,FC Internazionale Milano,US Salernitana 1919,4,0
Serie A,2023,2024-02-17T14:00:00Z,SSC Napoli,Genoa CFC,1,1
Serie A,2023,2024-02-17T17:00:00Z,Hellas Verona FC,Juventus FC,2,2
Serie A,2023,2024-02-17T19:45:00Z,Atalanta BC,US Sassuolo Calcio,3,0
Serie A,2023,2024-02-18T11:30:00Z,SS Lazio,Bologna FC 1909,1,2
Serie A,2023,2024-02-18T14:00:00Z,Empoli FC,ACF Fiorentina,1,1
Serie A,2023,2024-02-18T14:00:00Z,Udinese Calcio,Cagliari Calcio,1,1
Serie A,2023,2024-02-18T17:00:00Z,Frosinone Calcio,AS Roma,0,3
Serie A,2023,2024-02-18T19:45:00Z,AC Monza,AC Milan,4,2
Serie A,2023,2024-02-22T19:45:00Z,Torino FC,SS Lazio,0,2
Serie A,2023,2024-02-23T19:45:00Z,Bologna FC 1909,Hellas Verona FC,2,0
Serie A,2023,2024-02-24T14:00:00Z,US Sassuolo Calcio,Empoli FC,2,3
Serie A,2023,2024-02-24T17:00:00Z,US Salernitana 1919,AC Monza,0,2
Serie A,2023,2024-02-24T19:45:00Z,Genoa CFC,Udinese Calcio,2,0
Serie A,2023,2024-02-25T11:30:00Z,Juventus FC,Frosinone Calcio,3,2
Serie A,2023,2024-02-25T14:00:00Z,Cagliari Calcio,SSC Napoli,1,1
Serie A,2023,2024-02-25T17:00:00Z,US Lecce,FC Internazionale Milano,0,4
Serie A,2023,2024-02-25T19:45:00Z,AC Milan,Atalanta BC,1,1
Serie A,2023,2024-02-26T17:30:00Z,AS Roma,Torino FC,3,2
Serie A,2023,2024-02-26T19:45:00Z,ACF Fiorentina,SS Lazio,2,1
Serie A,2023,2024-02-28T17:00:00Z,US Sassuolo Calcio,SSC Napoli,1,6
Serie A,2023,2024-02-28T19:45:00Z,FC Internazionale Milano,Atalanta BC,4,0
Serie A,2023,2024-03-01T19:45:00Z,SS Lazio,AC Milan,0,1
Serie A,2023,2024-03-02T14:00:00Z,Udinese Calcio,US Salernitana 1919,1,1
Serie A,2023,2024-03-02T17:00:00Z,AC Monza,AS Roma,1,4
Serie A,2023,2024-03-02T19:45:00Z,Torino FC,ACF Fiorentina,0,0
Serie A,2023,2024-03-03T11:30:00Z,Hellas Verona FC,US Sassuolo Calcio,1,0
Serie A,2023,2024-03-03T14:00:00Z,Empoli FC,Cagliari Calcio,0,1
Serie A,2023,2024-03-03T14:00:00Z,Frosinone Calcio,US Lecce,1,1
Serie A,2023,2024-03-03T17:00:00Z,Atalanta BC,Bologna FC 1909,1,2
Serie A,2023,2024-03-03T19:45:00Z,SSC Napoli,Juventus FC,2,1
Serie A,2023,2024-03-04T19:45:00Z,FC Internazionale Milano,Genoa CFC,2,1
Serie A,2023,2024-03-08T19:45:00Z,SSC Napoli,Torino FC,1,1
Serie A,2023,2024-03-09T14:00:00Z,Cagliari Calcio,US Salernitana 1919,4,2
Serie A,2023,2024-03-09T14:00:00Z,US Sassuolo Calcio,Frosinone Calcio,1,0
Serie A,2023,2024-03-09T17:00:00Z,Bologna FC 1909,FC Internazionale Milano,0,1
Serie A,2023,2024-03-09T19:45:00Z,Genoa CFC,AC Monza,2,3
Serie A,2023,2024-03-10T11:30:00Z,US Lecce,Hellas Verona FC,0,1
Serie A,2023,2024-03-10T14:00:00Z,AC Milan,Empoli FC,1,0
Serie A,2023,2024-03-10T17:00:00Z,Juventus FC,Atalanta BC,2,2
Serie A,2023,2024-03-10T19:45:00Z,ACF Fiorentina,AS Roma,2,2
Serie A,2023,2024-03-11T19:45:00Z,SS Lazio,Udinese Calcio,1,2
Serie A,2023,2024-03-15T19:45:00Z,Empoli FC,Bologna FC 1909,0,1
Serie A,2023,2024-03-16T14:00:00Z,AC Monza,Cagliari Calcio,1,0
Serie A,2023,2024-03-16T14:00:00Z,Udinese Calcio,Torino FC,0,2
Serie A,2023,2024-03-16T17:00:00Z,US Salernitana 1919,US Lecce,0,1
Serie A,2023,2024-03-16T19:45:00Z,Frosinone Calcio,SS Lazio,2,3
Serie A,2023,2024-03-17T11:30:00Z,Juventus FC,Genoa CFC,0,0
Serie A,2023,2024-03-17T14:00:00Z,Hellas Verona FC,AC Milan,1,3
Serie A,2023,2024-03-17T17:00:00Z,AS Roma,US Sassuolo Calcio,1,0
Serie A,2023,2024-03-17T19:45:00Z,FC Internazionale Milano,SSC Napoli,1,1
Serie A,2023,2024-03-30T11:30:00Z,SSC Napoli,Atalanta BC,0,3
Serie A,2023,2024-03-30T14:00:00Z,Genoa CFC,Frosinone Calcio,1,1
Serie A,2023,2024-03-30T14:00:00Z,Torino FC,AC Monza,1,0
Serie A,2023,2024-03-30T17:00:00Z,SS Lazio,Juventus FC,1,0
Serie A,2023,2024-03-30T19:45:00Z,ACF Fiorentina,AC Milan,1,2
Serie A,2023,2024-04-01T10:30:00Z,Bologna FC 1909,US Salernitana 1919,3,0
Serie A,2023,2024-04-01T13:00:00Z,Cagliari Calcio,Hellas Verona FC,1,1
Serie A,2023,2024-04-01T13:00:00Z,US Sassuolo Calcio,Udinese Calcio,1,1
Serie A,2023,2024-04-01T16:00:00Z,US Lecce,AS Roma,0,0
Serie A,2023,2024-04-01T18:45:00Z,FC Internazionale Milano,Empoli FC,2,0
Serie A,2023,2024-04-05T18:45:00Z,US Salernitana 1919,US Sassuolo Calcio,2,2
Serie A,2023,2024-04-06T13:00:00Z,AC Milan,US Lecce,3,0
Serie A,2023,2024-04-06T16:00:00Z,AS Roma,SS Lazio,1,0
Serie A,2023,2024-04-06T18:45:00Z,Empoli FC,Torino FC,3,2
Serie A,2023,2024-04-07T10:30:00Z,Frosinone Calcio,Bologna FC 1909,0,0
Serie A,2023,2024-04-07T13:00:00Z,AC Monza,SSC Napoli,2,4
Serie A,2023,2024-04-07T16:00:00Z,Cagliari Calcio,Atalanta BC,2,1
Serie A,2023,2024-04-07T16:00:00Z,Hellas Verona FC,Genoa CFC,1,2
Serie A,2023,2024-04-07T18:45:00Z,Juventus FC,ACF Fiorentina,1,0
Serie A,2023,2024-04-08T18:45:00Z,Udinese Calcio,FC Internazionale Milano,1,2
Serie A,2023,2024-04-12T18:45:00Z,SS Lazio,US Salernitana 1919,4,1
Serie A,2023,2024-04-13T13:00:00Z,US Lecce,Empoli FC,1,0
Serie A,2023,2024-04-13T16:00:00Z,Torino FC,Juventus FC,0,0
Serie A,2023,2024-04-13T18:45:00Z,Bologna FC 1909,AC Monza,0,0
Serie A,2023,2024-04-14T10:30:00Z,SSC Napoli,Frosinone Calcio,2,2
Serie A,2023,2024-04-14T13:00:00Z,US Sassuolo Calcio,AC Milan,3,3
Serie A,2023,2024-04-14T18:45:00Z,FC Internazionale Milano,Cagliari Calcio,2,2
Serie A,2023,2024-04-15T16:30:00Z,ACF Fiorentina,Genoa CFC,1,1
Serie A,2023,2024-04-15T18:45:00Z,Atalanta BC,Hellas Verona FC,2,2
Serie A,2023,2024-04-19T16:30:00Z,Genoa CFC,SS Lazio,0,1
Serie A,2023,2024-04-19T18:45:00Z,Cagliari Calcio,Juventus FC,2,2
Serie A,2023,2024-04-20T16:00:00Z,Empoli FC,SSC Napoli,1,0
Serie A,2023,2024-04-20T18:45:00Z,Hellas Verona FC,Udinese Calcio,1,0
Serie A,2023,2024-04-21T10:30:00Z,US Sassuolo Calcio,US Lecce,0,3
Serie A,2023,2024-04-21T13:00:00Z,Torino FC,Frosinone Calcio,0,0
Serie A,2023,2024-04-21T16:00:00Z,US Salernitana 1919,ACF Fiorentina,0,2
Serie A,2023,2024-04-21T18:45:00Z,AC Monza,Atalanta BC,1,2
Serie A,2023,2024-04-22T16:30:00Z,AS Roma,Bologna FC 1909,1,3
Serie A,2023,2024-04-22T18:45:00Z,AC Milan,FC Internazionale Milano,1,2
Serie A,2023,2024-04-25T18:00:00Z,Udinese Calcio,AS Roma,1,2
Serie A,2023,2024-04-26T18:45:00Z,Frosinone Calcio,US Salernitana 1919,3,0
Serie A,2023,2024-04-27T13:00:00Z,US Lecce,AC Monza,1,1
Serie A,2023,2024-04-27T16:00:00Z,Juventus FC,AC Milan,0,0
Serie A,2023,2024-04-27T18:45:00Z,SS Lazio,Hellas Verona FC,1,0
Serie A,2023,2024-04-28T10:30:00Z,FC Internazionale Milano,Torino FC,2,0
Serie A,2023,2024-04-28T13:00:00Z,Bologna FC 1909,Udinese Calcio,1,1
Serie A,2023,2024-04-28T16:00:00Z,Atalanta BC,Empoli FC,2,0
Serie A,2023,2024-04-28T16:00:00Z,SSC Napoli,AS Roma,2,2
Serie A,2023,2024-04-28T18:45:00Z,ACF Fiorentina,US Sassuolo Calcio,5,1
Serie A,2023,2024-04-29T18:45:00Z,Genoa CFC,Cagliari Calcio,3,0
Serie A,2023,2024-05-03T18:45:00Z,Torino FC,Bologna FC 1909,0,0
Serie A,2023,2024-05-04T16:00:00Z,AC Monza,SS Lazio,2,2
Serie A,2023,2024-05-04T18:45:00Z,US Sassuolo Calcio,FC Internazionale Milano,1,0
Serie A,2023,2024-05-05T10:30:00Z,Cagliari Calcio,US Lecce,1,1
Serie A,2023,2024-05-05T13:00:00Z,Empoli FC,Frosinone Calcio,0,0
Serie A,2023,2024-05-05T13:00:00Z,Hellas Verona FC,ACF Fiorentina,2,1
Serie A,2023,2024-05-05T16:00:00Z,AC Milan,Genoa CFC,3,3
Serie A,2023,2024-05-05T18:45:00Z,AS Roma,Juventus FC,1,1
Serie A,2023,2024-05-06T16:00:00Z,US Salernitana 1919,Atalanta BC,1,2
Serie A,2023,2024-05-06T18:45:00Z,Udinese Calcio,SSC Napoli,1,1
Serie A,2023,2024-05-10T18:45:00Z,Frosinone Calcio,FC Internazionale Milano,0,5
Serie A,2023,2024-05-11T16:00:00Z,SSC Napoli,Bologna FC 1909,0,2
Serie A,2023,2024-05-11T18:45:00Z,AC Milan,Cagliari Calcio,5,1
Serie A,2023,2024-05-12T10:30:00Z,SS Lazio,Empoli FC,2,0
Serie A,2023,2024-05-12T13:00:00Z,Genoa CFC,US Sassuolo Calcio,2,1
Serie A,2023,2024-05-12T13:00:00Z,Hellas Verona FC,Torino FC,1,2
Serie A,2023,2024-05-12T16:00:00Z,Juventus FC,US Salernitana 1919,1,1
Serie A,2023,2024-05-12T18:45:00Z,Atalanta BC,AS Roma,2,1
Serie A,2023,2024-05-13T16:30:00Z,US Lecce,Udinese Calcio,0,2
Serie A,2023,2024-05-13T18:45:00Z,ACF Fiorentina,AC Monza,2,1
Serie A,2023,2024-05-17T18:45:00Z,ACF Fiorentina,SSC Napoli,2,2
Serie A,2023,2024-05-18T16:00:00Z,US Lecce,Atalanta BC,0,2
Serie A,2023,2024-05-18T18:45:00Z,Torino FC,AC Milan,3,1
Serie A,2023,2024-05-19T10:30:00Z,US Sassuolo Calcio,Cagliari Calcio,0,2
Serie A,2023,2024-05-19T13:00:00Z,AC Monza,Frosinone Calcio,0,1
Serie A,2023,2024-05-19T13:00:00Z,Udinese Calcio,Empoli FC,1,1
Serie A,2023,2024-05-19T16:00:00Z,FC Internazionale Milano,SS Lazio,1,1
Serie A,2023,2024-05-19T18:45:00Z,AS Roma,Genoa CFC,1,0
Serie A,2023,2024-05-20T16:30:00Z,US Salernitana 1919,Hellas Verona FC,1,2
Serie A,2023,2024-05-20T18:45:00Z,Bologna FC 1909,Juventus FC,3,3
Serie A,2023,2024-05-23T18:45:00Z,Cagliari Calcio,ACF Fiorentina,2,3
Serie A,2023,2024-05-24T18:45:00Z,Genoa CFC,Bologna FC 1909,2,0
Serie A,2023,2024-05-25T16:00:00Z,Juventus FC,AC Monza,2,0
Serie A,2023,2024-05-25T18:45:00Z,AC Milan,US Salernitana 1919,3,3
Serie A,2023,2024-05-26T16:00:00Z,Atalanta BC,Torino FC,3,0
Serie A,2023,2024-05-26T16:00:00Z,SSC Napoli,US Lecce,0,0
Serie A,2023,2024-05-26T18:45:00Z,Empoli FC,AS Roma,2,1
Serie A,2023,2024-05-26T18:45:00Z,Frosinone Calcio,Udinese Calcio,0,1
Serie A,2023,2024-05-26T18:45:00Z,Hellas Verona FC,FC Internazionale Milano,2,2
Serie A,2023,2024-05-26T18:45:00Z,SS Lazio,US Sassuolo Calcio,1,1
Serie A,2023,2024-06-02T16:00:00Z,Atalanta BC,ACF Fiorentina,2,3
Serie A,2024,2024-08-17T16:30:00Z,Genoa CFC,FC Internazionale Milano,2,2
Serie A,2024,2024-08-17T16:30:00Z,Parma Calcio 1913,ACF Fiorentina,1,1
Serie A,2024,2024-08-17T18:45:00Z,Empoli FC,AC Monza,0,0
Serie A,2024,2024-08-17T18:45:00Z,AC Milan,Torino FC,2,2
Serie A,2024,2024-08-18T16:30:00Z,Bologna FC 1909,Udinese Calcio,1,1
Serie A,2024,2024-08-18T16:30:00Z,Hellas Verona FC,SSC Napoli,3,0
Serie A,2024,2024-08-18T18:45:00Z,Cagliari Calcio,AS Roma,0,0
Serie A,2024,2024-08-18T18:45:00Z,SS Lazio,Venezia FC,3,1
Serie A,2024,2024-08-19T16:30:00Z,US Lecce,Atalanta BC,0,4
Serie A,2024,2024-08-19T18:45:00Z,Juventus FC,Como 1907,3,0
Serie A,2024,2024-08-24T16:30:00Z,Parma Calcio 1913,AC Milan,2,1
Serie A,2024,2024-08-24T16:30:00Z,Udinese Calcio,SS Lazio,2,1
Serie A,2024,2024-08-24T18:45:00Z,FC Internazionale Milano,US Lecce,2,0
Serie A,2024,2024-08-24T18:45:00Z,AC Monza,Genoa CFC,0,1
Serie A,2024,2024-08-25T16:30:00Z,ACF Fiorentina,Venezia FC,0,0
Serie A,2024,2024-08-25T16:30:00Z,Torino FC,Atalanta BC,2,1
Serie A,2024,2024-08-25T18:45:00Z,SSC Napoli,Bologna FC 1909,3,0
Serie A,2024,2024-08-25T18:45:00Z,AS Roma,Empoli FC,1,2
Serie A,2024,2024-08-26T16:30:00Z,Cagliari Calcio,Como 1907,1,1
Serie A,2024,2024-08-26T18:45:00Z,Hellas Verona FC,Juventus FC,0,3
Serie A,2024,2024-08-30T16:30:00Z,Venezia FC,Torino FC,0,1
Serie A,2024,2024-08-30T18:45:00Z,FC Internazionale Milano,Atalanta BC,4,0
Serie A,2024,2024-08-31T16:30:00Z,Bologna FC 1909,Empoli FC,1,1
Serie A,2024,2024-08-31T16:30:00Z,US Lecce,Cagliari Calcio,1,0
Serie A,2024,2024-08-31T18:45:00Z,SS Lazio,AC Milan,2,2
Serie A,2024,2024-08-31T18:45:00Z,SSC Napoli,Parma Calcio 1913,2,1
Serie A,2024,2024-09-01T16:30:00Z,ACF Fiorentina,AC Monza,2,2
Serie A,2024,2024-09-01T16:30:00Z,Genoa CFC,Hellas Verona FC,0,2
Serie A,2024,2024-09-01T18:45:00Z,Juventus FC,AS Roma,0,0
Serie A,2024,2024-09-01T18:45:00Z,Udinese Calcio,Como 1907,1,0
Serie A,2024,2024-09-14T13:00:00Z,Como 1907,Bologna FC 1909,2,2
Serie A,2024,2024-09-14T16:00:00Z,Empoli FC,Juventus FC,0,0
Serie A,2024,2024-09-14T18:45:00Z,AC Milan,Venezia FC,4,0
Serie A,2024,2024-09-15T10:30:00Z,Genoa CFC,AS Roma,1,1
Serie A,2024,2024-09-15T13:00:00Z,Atalanta BC,ACF Fiorentina,3,2
Serie A,2024,2024-09-15T13:00:00Z,Torino FC,US Lecce,0,0
Serie A,2024,2024-09-15T16:00:00Z,Cagliari Calcio,SSC Napoli,0,4
Serie A,2024,2024-09-15T18:45:00Z,AC Monza,FC Internazionale Milano,1,1
Serie A,2024,2024-09-16T16:30:00Z,Parma Calcio 1913,Udinese Calcio,2,3
Serie A,2024,2024-09-16T18:45:00Z,SS Lazio,Hellas Verona FC,2,1
Serie A,2024,2024-09-20T16:30:00Z,Cagliari Calcio,Empoli FC,0,2
Serie A,2024,2024-09-20T18:45:00Z,Hellas Verona FC,Torino FC,2,3
Serie A,2024,2024-09-21T13:00:00Z,Venezia FC,Genoa CFC,2,0
Serie A,2024,2024-09-21T16:00:00Z,Juventus FC,SSC Napoli,0,0
Serie A,2024,2024-09-21T18:45:00Z,US Lecce,Parma Calcio 1913,2,2
Serie A,2024,2024-09-22T10:30:00Z,ACF Fiorentina,SS Lazio,2,1
Serie A,2024,2024-09-22T13:00:00Z,AC Monza,Bologna FC 1909,1,2
Serie A,2024,2024-09-22T16:00:00Z,AS Roma,Udinese Calcio,3,0
Serie A,2024,2024-09-22T18:45:00Z,FC Internazionale Milano,AC Milan,1,2
Serie A,2024,2024-09-24T18:45:00Z,Atalanta BC,Como 1907,2,3
Serie A,2024,2024-09-27T18:45:00Z,AC Milan,US Lecce,3,0
Serie A,2024,2024-09-28T13:00:00Z,Udinese Calcio,FC Internazionale Milano,2,3
Serie A,2024,2024-09-28T16:00:00Z,Genoa CFC,Juventus FC,0,3
Serie A,2024,2024-09-28T18:45:00Z,Bologna FC 1909,Atalanta BC,1,1
Serie A,2024,2024-09-29T10:30:00Z,Torino FC,SS Lazio,2,3
Serie A,2024,2024-09-29T13:00:00Z,Como 1907,Hellas Verona FC,3,2
Serie A,2024,2024-09-29T13:00:00Z,AS Roma,Venezia FC,2,1
Serie A,2024,2024-09-29T16:00:00Z,Empoli FC,ACF Fiorentina,0,0
Serie A,2024,2024-09-29T18:45:00Z,SSC Napoli,AC Monza,2,0
Serie A,2024,2024-09-30T18:45:00Z,Parma Calcio 1913,Cagliari Calcio,2,3
Serie A,2024,2024-10-04T16:30:00Z,SSC Napoli,Como 1907,3,1
Serie A,2024,2024-10-04T18:45:00Z,Hellas Verona FC,Venezia FC,2,1
Serie A,2024,2024-10-05T13:00:00Z,Udinese Calcio,US Lecce,1,0
Serie A,2024,2024-10-05T16:00:00Z,Atalanta BC,Genoa CFC,5,1
Serie A,2024,2024-10-05T18:45:00Z,FC Internazionale Milano,Torino FC,3,2
Serie A,2024,2024-10-06T10:30:00Z,Juventus FC,Cagliari Calcio,1,1
Serie A,2024,2024-10-06T13:00:00Z,Bologna FC 1909,Parma Calcio 1913,0,0
Serie A,2024,2024-10-06T13:00:00Z,SS Lazio,Empoli FC,2,1
Serie A,2024,2024-10-06T16:00:00Z,AC Monza,AS Roma,1,1
Serie A,2024,2024-10-06T18:45:00Z,ACF Fiorentina,AC Milan,2,1
Serie A,2024,2024-10-19T13:00:00Z,Como 1907,Parma Calcio 1913,1,1
Serie A,2024,2024-10-19T13:00:00Z,Genoa CFC,Bologna FC 1909,2,2
Serie A,2024,2024-10-19T16:00:00Z,AC Milan,Udinese Calcio,1,0
Serie A,2024,2024-10-19T18:45:00Z,Juventus FC,SS Lazio,1,0
Serie A,2024,2024-10-20T10:30:00Z,Empoli FC,SSC Napoli,0,1
Serie A,2024,2024-10-20T13:00:00Z,US Lecce,ACF Fiorentina,0,6
Serie A,2024,2024-10-20T13:00:00Z,Venezia FC,Atalanta BC,0,2
Serie A,2024,2024-10-20T16:00:00Z,Cagliari Calcio,Torino FC,3,2
Serie A,2024,2024-10-20T18:45:00Z,AS Roma,FC Internazionale Milano,0,1
Serie A,2024,2024-10-21T18:45:00Z,Hellas Verona FC,AC Monza,0,3
Serie A,2024,2024-10-25T16:30:00Z,Udinese Calcio,Cagliari Calcio,2,0
Serie A,2024,2024-10-25T18:45:00Z,Torino FC,Como 1907,1,0
Serie A,2024,2024-10-26T13:00:00Z,SSC Napoli,US Lecce,1,0
Serie A,2024,2024-10-26T18:45:00Z,Atalanta BC,Hellas Verona FC,6,1
Serie A,2024,2024-10-27T11:30:00Z,Parma Calcio 1913,Empoli FC,1,1
Serie A,2024,2024-10-27T14:00:00Z,SS Lazio,Genoa CFC,3,0
Serie A,2024,2024-10-27T14:00:00Z,AC Monza,Venezia FC,2,2
Serie A,2024,2024-10-27T17:00:00Z,FC Internazionale Milano,Juventus FC,4,4
Serie A,2024,2024-10-27T19:45:00Z,ACF Fiorentina,AS Roma,5,1
Serie A,2024,2024-10-29T17:30:00Z,Cagliari Calcio,Bologna FC 1909,0,2
Serie A,2024,2024-10-29T17:30:00Z,US Lecce,Hellas Verona FC,1,0
Serie A,2024,2024-10-29T19:45:00Z,AC Milan,SSC Napoli,0,2
Serie A,2024,2024-10-30T17:30:00Z,Empoli FC,FC Internazionale Milano,0,3
Serie A,2024,2024-10-30T17:30:00Z,Venezia FC,Udinese Calcio,3,2
Serie A,2024,2024-10-30T19:45:00Z,Atalanta BC,AC Monza,2,0
Serie A,2024,2024-10-30T19:45:00Z,Juventus FC,Parma Calcio 1913,2,2
Serie A,2024,2024-10-31T17:30:00Z,Genoa CFC,ACF Fiorentina,0,1
Serie A,2024,2024-10-31T19:45:00Z,Como 1907,SS Lazio,1,5
Serie A,2024,2024-10-31T19:45:00Z,AS Roma,Torino FC,1,0
Serie A,2024,2024-11-02T14:00:00Z,Bologna FC 1909,US Lecce,1,0
Serie A,2024,2024-11-02T17:00:00Z,Udinese Calcio,Juventus FC,0,2
Serie A,2024,2024-11-02T19:45:00Z,AC Monza,AC Milan,0,1
Serie A,2024,2024-11-03T11:30:00Z,SSC Napoli,Atalanta BC,0,3
Serie A,2024,2024-11-03T14:00:00Z,Torino FC,ACF Fiorentina,0,1
Serie A,2024,2024-11-03T17:00:00Z,Hellas Verona FC,AS Roma,3,2
Serie A,2024,2024-11-03T19:45:00Z,FC Internazionale Milano,Venezia FC,1,0
Serie A,2024,2024-11-04T17:30:00Z,Empoli FC,Como 1907,1,0
Serie A,2024,2024-11-04T17:30:00Z,Parma Calcio 1913,Genoa CFC,0,1
Serie A,2024,2024-11-04T19:45:00Z,SS Lazio,Cagliari Calcio,2,1
Serie A,2024,2024-11-07T19:45:00Z,Genoa CFC,Como 1907,1,1
Serie A,2024,2024-11-08T19:45:00Z,US Lecce,Empoli FC,1,1
Serie A,2024,2024-11-09T14:00:00Z,Venezia FC,Parma Calcio 1913,1,2
Serie A,2024,2024-11-09T17:00:00Z,Cagliari Calcio,AC Milan,3,3
Serie A,2024,2024-11-09T19:45:00Z,Juventus FC,Torino FC,2,0
Serie A,2024,2024-11-10T11:30:00Z,Atalanta BC,Udinese Calcio,2,1
Serie A,2024,2024-11-10T14:00:00Z,ACF Fiorentina,Hellas Verona FC,3,1
Serie A,2024,2024-11-10T14:00:00Z,AS Roma,Bologna FC 1909,2,3
Serie A,2024,2024-11-10T17:00:00Z,AC Monza,SS Lazio,0,1
Serie A,2024,2024-11-10T19:45:00Z,FC Internazionale Milano,SSC Napoli,1,1
Serie A,2024,2024-11-23T14:00:00Z,Hellas Verona FC,FC Internazionale Milano,0,5
Serie A,2024,2024-11-23T17:00:00Z,AC Milan,Juventus FC,0,0
Serie A,2024,2024-11-23T19:45:00Z,Parma Calcio 1913,Atalanta BC,1,3
Serie A,2024,2024-11-24T11:30:00Z,Genoa CFC,Cagliari Calcio,2,2
Serie A,2024,2024-11-24T14:00:00Z,Como 1907,ACF Fiorentina,0,2
Serie A,2024,2024-11-24T14:00:00Z,Torino FC,AC Monza,1,1
Serie A,2024,2024-11-24T17:00:00Z,SSC Napoli,AS Roma,1,0
Serie A,2024,2024-11-24T19:45:00Z,SS Lazio,Bologna FC 1909,3,0
Serie A,2024,2024-11-25T17:30:00Z,Empoli FC,Udinese Calcio,1,1
Serie A,2024,2024-11-25T19:45:00Z,Venezia FC,US Lecce,0,1
Serie A,2024,2024-11-29T19:45:00Z,Cagliari Calcio,Hellas Verona FC,1,0
Serie A,2024,2024-11-30T14:00:00Z,Como 1907,AC Monza,1,1
Serie A,2024,2024-11-30T17:00:00Z,AC Milan,Empoli FC,3,0
Serie A,2024,2024-11-30T19:45:00Z,Bologna FC 1909,Venezia FC,3,0
Serie A,2024,2024-12-01T11:30:00Z,Udinese Calcio,Genoa CFC,0,2
Serie A,2024,2024-12-01T14:00:00Z,Parma Calcio 1913,SS Lazio,3,1
Serie A,2024,2024-12-01T14:00:00Z,Torino FC,SSC Napoli,0,1
Serie A,2024,2024-12-01T19:45:00Z,US Lecce,Juventus FC,1,1
Serie A,2024,2024-12-02T19:45:00Z,AS Roma,Atalanta BC,0,2
Serie A,2024,2024-12-06T17:30:00Z,FC Internazionale Milano,Parma Calcio 1913,3,1
Serie A,2024,2024-12-06T19:45:00Z,Atalanta BC,AC Milan,2,1
Serie A,2024,2024-12-07T14:00:00Z,Genoa CFC,Torino FC,0,0
Serie A,2024,2024-12-07T17:00:00Z,Juventus FC,Bologna FC 1909,2,2
Serie A,2024,2024-12-07T19:45:00Z,AS Roma,US Lecce,4,1
Serie A,2024,2024-12-08T11:30:00Z,ACF Fiorentina,Cagliari Calcio,1,0
Serie A,2024,2024-12-08T14:00:00Z,Hellas Verona FC,Empoli FC,1,4
Serie A,2024,2024-12-08T17:00:00Z,Venezia FC,Como 1907,2,2
Serie A,2024,2024-12-08T19:45:00Z,SSC Napoli,SS Lazio,0,1
Serie A,2024,2024-12-09T19:45:00Z,AC Monza,Udinese Calcio,1,2
Serie A,2024,2024-12-13T19:45:00Z,Empoli FC,Torino FC,0,1
Serie A,2024,2024-12-14T14:00:00Z,Cagliari Calcio,Atalanta BC,0,1
Serie A,2024,2024-12-14T17:00:00Z,Udinese Calcio,SSC Napoli,1,3
Serie A,2024,2024-12-14T19:45:00Z,Juventus FC,Venezia FC,2,2
Serie A,2024,2024-12-15T11:30:00Z,US Lecce,AC Monza,2,1
Serie A,2024,2024-12-15T14:00:00Z,Bologna FC 1909,ACF Fiorentina,1,0
Serie A,2024,2024-12-15T14:00:00Z,Parma Calcio 1913,Hellas Verona FC,2,3
Serie A,2024,2024-12-15T17:00:00Z,Como 1907,AS Roma,2,0
Serie A,2024,2024-12-15T19:45:00Z,AC Milan,Genoa CFC,0,0
Serie A,2024,2024-12-16T19:45:00Z,SS Lazio,FC Internazionale Milano,0,6
Serie A,2024,2024-12-20T19:45:00Z,Hellas Verona FC,AC Milan,0,1
Serie A,2024,2024-12-21T14:00:00Z,Torino FC,Bologna FC 1909,0,2
Serie A,2024,2024-12-21T17:00:00Z,Genoa CFC,SSC Napoli,1,2
Serie A,2024,2024-12-21T19:45:00Z,US Lecce,SS Lazio,1,2
Serie A,2024,2024-12-22T11:30:00Z,AS Roma,Parma Calcio 1913,5,0
Serie A,2024,2024-12-22T14:00:00Z,Venezia FC,Cagliari Calcio,2,1
Serie A,2024,2024-12-22T17:00:00Z,Atalanta BC,Empoli FC,3,2
Serie A,2024,2024-12-22T19:45:00Z,AC Monza,Juventus FC,1,2
Serie A,2024,2024-12-23T17:30:00Z,ACF Fiorentina,Udinese Calcio,1,2
Serie A,2024,2024-12-23T19:45:00Z,FC Internazionale Milano,Como 1907,2,0
Serie A,2024,2024-12-28T14:00:00Z,Empoli FC,Genoa CFC,1,2
Serie A,2024,2024-12-28T14:00:00Z,Parma Calcio 1913,AC Monza,2,1
Serie A,2024,2024-12-28T17:00:00Z,Cagliari Calcio,FC Internazionale Milano,0,3
Serie A,2024,2024-12-28T19:45:00Z,SS Lazio,Atalanta BC,1,1
Serie A,2024,2024-12-29T11:30:00Z,Udinese Calcio,Torino FC,2,2
Serie A,2024,2024-12-29T14:00:00Z,SSC Napoli,Venezia FC,1,0
Serie A,2024,2024-12-29T17:00:00Z,Juventus FC,ACF Fiorentina,2,2
Serie A,2024,2024-12-29T19:45:00Z,AC Milan,AS Roma,1,1
Serie A,2024,2024-12-30T17:30:00Z,Como 1907,US Lecce,2,0
Serie A,2024,2024-12-30T19:45:00Z,Bologna FC 1909,Hellas Verona FC,2,3
Serie A,2024,2025-01-04T14:00:00Z,Venezia FC,Empoli FC,1,1
Serie A,2024,2025-01-04T17:00:00Z,ACF Fiorentina,SSC Napoli,0,3
Serie A,2024,2025-01-04T19:45:00Z,Hellas Verona FC,Udinese Calcio,0,0
Serie A,2024,2025-01-05T11:30:00Z,AC Monza,Cagliari Calcio,1,2
Serie A,2024,2025-01-05T14:00:00Z,US Lecce,Genoa CFC,0,0
Serie A,2024,2025-01-05T17:00:00Z,Torino FC,Parma Calcio 1913,0,0
Serie A,2024,2025-01-05T19:45:00Z,AS Roma,SS Lazio,2,0
Serie A,2024,2025-01-10T19:45:00Z,SS Lazio,Como 1907,1,1
Serie A,2024,2025-01-11T14:00:00Z,Empoli FC,US Lecce,1,3
Serie A,2024,2025-01-11T14:00:00Z,Udinese Calcio,Atalanta BC,0,0
Serie A,2024,2025-01-11T17:00:00Z,Torino FC,Juventus FC,1,1
Serie A,2024,2025-01-11T19:45:00Z,AC Milan,Cagliari Calcio,1,1
Serie A,2024,2025-01-12T11:30:00Z,Genoa CFC,Parma Calcio 1913,1,0
Serie A,2024,2025-01-12T14:00:00Z,Venezia FC,FC Internazionale Milano,0,1
Serie A,2024,2025-01-12T17:00:00Z,Bologna FC 1909,AS Roma,2,2
Serie A,2024,2025-01-12T19:45:00Z,SSC Napoli,Hellas Verona FC,2,0
Serie A,2024,2025-01-13T19:45:00Z,AC Monza,ACF Fiorentina,2,1
Serie A,2024,2025-01-14T17:30:00Z,Como 1907,AC Milan,1,2
Serie A,2024,2025-01-14T19:45:00Z,Atalanta BC,Juventus FC,1,1
Serie A,2024,2025-01-15T19:45:00Z,FC Internazionale Milano,Bologna FC 1909,2,2
Serie A,2024,2025-01-17T19:45:00Z,AS Roma,Genoa CFC,3,1
Serie A,2024,2025-01-18T14:00:00Z,Bologna FC 1909,AC Monza,3,1
Serie A,2024,2025-01-18T17:00:00Z,Juventus FC,AC Milan,2,0
Serie A,2024,2025-01-18T19:45:00Z,Atalanta BC,SSC Napoli,2,3
Serie A,2024,2025-01-19T11:30:00Z,ACF Fiorentina,Torino FC,1,1
Serie A,2024,2025-01-19T14:00:00Z,Cagliari Calcio,US Lecce,4,1
Serie A,2024,2025-01-19T14:00:00Z,Parma Calcio 1913,Venezia FC,1,1
Serie A,2024,2025-01-19T17:00:00Z,Hellas Verona FC,SS Lazio,0,3
Serie A,2024,2025-01-19T19:45:00Z,FC Internazionale Milano,Empoli FC,3,1
Serie A,2024,2025-01-20T19:45:00Z,Como 1907,Udinese Calcio,4,1
Serie A,2024,2025-01-24T19:45:00Z,Torino FC,Cagliari Calcio,2,0
Serie A,2024,2025-01-25T14:00:00Z,Como 1907,Atalanta BC,1,2
Serie A,2024,2025-01-25T17:00:00Z,SSC Napoli,Juventus FC,2,1
Serie A,2024,2025-01-25T19:45:00Z,Empoli FC,Bologna FC 1909,1,1
Serie A,2024,2025-01-26T11:30:00Z,AC Milan,Parma Calcio 1913,3,2
Serie A,2024,2025-01-26T14:00:00Z,Udinese Calcio,AS Roma,1,2
Serie A,2024,2025-01-26T17:00:00Z,US Lecce,FC Internazionale Milano,0,4
Serie A,2024,2025-01-26T19:45:00Z,SS Lazio,ACF Fiorentina,1,2
Serie A,2024,2025-01-27T17:30:00Z,Venezia FC,Hellas Verona FC,1,1
Serie A,2024,2025-01-27T19:45:00Z,Genoa CFC,AC Monza,2,0
Serie A,2024,2025-01-31T19:45:00Z,Parma Calcio 1913,US Lecce,1,3
Serie A,2024,2025-02-01T14:00:00Z,AC Monza,Hellas Verona FC,0,1
Serie A,2024,2025-02-01T14:00:00Z,Udinese Calcio,Venezia FC,3,2
Serie A,2024,2025-02-01T17:00:00Z,Atalanta BC,Torino FC,1,1
Serie A,2024,2025-02-01T19:45:00Z,Bologna FC 1909,Como 1907,2,0
Serie A,2024,2025-02-02T11:30:00Z,Juventus FC,Empoli FC,4,1
Serie A,2024,2025-02-02T14:00:00Z,ACF Fiorentina,Genoa CFC,2,1
Serie A,2024,2025-02-02T17:00:00Z,AC Milan,FC Internazionale Milano,1,1
Serie A,2024,2025-02-02T19:45:00Z,AS Roma,SSC Napoli,1,1
Serie A,2024,2025-02-03T19:45:00Z,Cagliari Calcio,SS Lazio,1,2
Serie A,2024,2025-02-06T19:45:00Z,ACF Fiorentina,FC Internazionale Milano,3,0
Serie A,2024,2025-02-07T19:45:00Z,Como 1907,Juventus FC,1,2
Serie A,2024,2025-02-08T14:00:00Z,Hellas Verona FC,Atalanta BC,0,5
Serie A,2024,2025-02-08T17:00:00Z,Empoli FC,AC Milan,0,2
Serie A,2024,2025-02-08T19:45:00Z,Torino FC,Genoa CFC,1,1
Serie A,2024,2025-02-09T11:30:00Z,Venezia FC,AS Roma,0,1
Serie A,2024,2025-02-09T14:00:00Z,Cagliari Calcio,Parma Calcio 1913,2,1
Serie A,2024,2025-02-09T14:00:00Z,SS Lazio,AC Monza,5,1
Serie A,2024,2025-02-09T17:00:00Z,US Lecce,Bologna FC 1909,0,0
Serie A,2024,2025-02-09T19:45:00Z,SSC Napoli,Udinese Calcio,1,1
Serie A,2024,2025-02-10T19:45:00Z,FC Internazionale Milano,ACF Fiorentina,2,1
Serie A,2024,2025-02-14T19:45:00Z,Bologna FC 1909,Torino FC,3,2
Serie A,2024,2025-02-15T14:00:00Z,Atalanta BC,Cagliari Calcio,0,0
Serie A,2024,2025-02-15T17:00:00Z,SS Lazio,SSC Napoli,2,2
Serie A,2024,2025-02-15T19:45:00Z,AC Milan,Hellas Verona FC,1,0
Serie A,2024,2025-02-16T11:30:00Z,ACF Fiorentina,Como 1907,0,2
Serie A,2024,2025-02-16T14:00:00Z,AC Monza,US Lecce,0,0
Serie A,2024,2025-02-16T14:00:00Z,Udinese Calcio,Empoli FC,3,0
Serie A,2024,2025-02-16T17:00:00Z,Parma Calcio 1913,AS Roma,0,1
Serie A,2024,2025-02-16T19:45:00Z,Juventus FC,FC Internazionale Milano,1,0
Serie A,2024,2025-02-17T19:45:00Z,Genoa CFC,Venezia FC,2,0
Serie A,2024,2025-02-21T19:45:00Z,US Lecce,Udinese Calcio,0,1
Serie A,2024,2025-02-22T14:00:00Z,Parma Calcio 1913,Bologna FC 1909,2,0
Serie A,2024,2025-02-22T14:00:00Z,Venezia FC,SS Lazio,0,0
Serie A,2024,2025-02-22T17:00:00Z,Torino FC,AC Milan,2,1
Serie A,2024,2025-02-22T19:45:00Z,FC Internazionale Milano,Genoa CFC,1,0
Serie A,2024,2025-02-23T11:30:00Z,Como 1907,SSC Napoli,2,1
Serie A,2024,2025-02-23T14:00:00Z,Hellas Verona FC,ACF Fiorentina,1,0
Serie A,2024,2025-02-23T17:00:00Z,Empoli FC,Atalanta BC,0,5
Serie A,2024,2025-02-23T19:45:00Z,Cagliari Calcio,Juventus FC,0,1
Serie A,2024,2025-02-24T19:45:00Z,AS Roma,AC Monza,4,0
Serie A,2024,2025-02-27T19:45:00Z,Bologna FC 1909,AC Milan,2,1
Serie A,2024,2025-02-28T19:45:00Z,ACF Fiorentina,US Lecce,1,0
Serie A,2024,2025-03-01T14:00:00Z,Atalanta BC,Venezia FC,0,0
Serie A,2024,2025-03-01T17:00:00Z,SSC Napoli,FC Internazionale Milano,1,1
Serie A,2024,2025-03-01T19:45:00Z,Udinese Calcio,Parma Calcio 1913,1,0
Serie A,2024,2025-03-02T11:30:00Z,AC Monza,Torino FC,0,2
Serie A,2024,2025-03-02T14:00:00Z,Bologna FC 1909,Cagliari Calcio,2,1
Serie A,2024,2025-03-02T14:00:00Z,Genoa CFC,Empoli FC,1,1
Serie A,2024,2025-03-02T17:00:00Z,AS Roma,Como 1907,2,1
Serie A,2024,2025-03-02T19:45:00Z,AC Milan,SS Lazio,1,2
Serie A,2024,2025-03-03T19:45:00Z,Juventus FC,Hellas Verona FC,2,0
Serie A,2024,2025-03-07T19:45:00Z,Cagliari Calcio,Genoa CFC,1,1
Serie A,2024,2025-03-08T14:00:00Z,Como 1907,Venezia FC,1,1
Serie A,2024,2025-03-08T14:00:00Z,Parma Calcio 1913,Torino FC,2,2
Serie A,2024,2025-03-08T17:00:00Z,US Lecce,AC Milan,2,3
Serie A,2024,2025-03-08T19:45:00Z,FC Internazionale Milano,AC Monza,3,2
Serie A,2024,2025-03-09T11:30:00Z,Hellas Verona FC,Bologna FC 1909,1,2
Serie A,2024,2025-03-09T14:00:00Z,SSC Napoli,ACF Fiorentina,2,1
Serie A,2024,2025-03-09T17:00:00Z,Empoli FC,AS Roma,0,1
Serie A,2024,2025-03-09T19:45:00Z,Juventus FC,Atalanta BC,0,4
Serie A,2024,2025-03-10T19:45:00Z,SS Lazio,Udinese Calcio,1,1
Serie A,2024,2025-03-14T19:45:00Z,Genoa CFC,US Lecce,2,1
Serie A,2024,2025-03-15T14:00:00Z,AC Monza,Parma Calcio 1913,1,1
Serie A,2024,2025-03-15T14:00:00Z,Udinese Calcio,Hellas Verona FC,0,1
Serie A,2024,2025-03-15T17:00:00Z,AC Milan,Como 1907,2,1
Serie A,2024,2025-03-15T19:45:00Z,Torino FC,Empoli FC,1,0
Serie A,2024,2025-03-16T11:30:00Z,Venezia FC,SSC Napoli,0,0
Serie A,2024,2025-03-16T14:00:00Z,Bologna FC 1909,SS Lazio,5,0
Serie A,2024,2025-03-16T15:00:00Z,AS Roma,Cagliari Calcio,1,0
Serie A,2024,2025-03-16T17:00:00Z,ACF Fiorentina,Juventus FC,3,0
Serie A,2024,2025-03-16T19:45:00Z,Atalanta BC,FC Internazionale Milano,0,2
Serie A,2024,2025-03-29T14:00:00Z,Como 1907,Empoli FC,1,1
Serie A,2024,2025-03-29T14:00:00Z,Venezia FC,Bologna FC 1909,0,1
Serie A,2024,2025-03-29T17:00:00Z,Juventus FC,Genoa CFC,1,0
Serie A,2024,2025-03-29T19:45:00Z,US Lecce,AS Roma,0,1
Serie A,2024,2025-03-30T10:30:00Z,Cagliari Calcio,AC Monza,3,0
Serie A,2024,2025-03-30T13:00:00Z,ACF Fiorentina,Atalanta BC,1,0
Serie A,2024,2025-03-30T16:00:00Z,FC Internazionale Milano,Udinese Calcio,2,1
Serie A,2024,2025-03-30T18:45:00Z,SSC Napoli,AC Milan,2,1
Serie A,2024,2025-03-31T16:30:00Z,Hellas Verona FC,Parma Calcio 1913,0,0
Serie A,2024,2025-03-31T18:45:00Z,SS Lazio,Torino FC,1,1
Serie A,2024,2025-04-04T18:45:00Z,Genoa CFC,Udinese Calcio,1,0
Serie A,2024,2025-04-05T13:00:00Z,AC Monza,Como 1907,1,3
Serie A,2024,2025-04-05T16:00:00Z,Parma Calcio 1913,FC Internazionale Milano,2,2
Serie A,2024,2025-04-05T18:45:00Z,AC Milan,ACF Fiorentina,2,2
Serie A,2024,2025-04-06T10:30:00Z,US Lecce,Venezia FC,1,1
Serie A,2024,2025-04-06T13:00:00Z,Empoli FC,Cagliari Calcio,0,0
Serie A,2024,2025-04-06T13:00:00Z,Torino FC,Hellas Verona FC,1,1
Serie A,2024,2025-04-06T16:00:00Z,Atalanta BC,SS Lazio,0,1
Serie A,2024,2025-04-06T18:45:00Z,AS Roma,Juventus FC,1,1
Serie A,2024,2025-04-07T18:45:00Z,Bologna FC 1909,SSC Napoli,1,1
Serie A,2024,2025-04-11T18:45:00Z,Udinese Calcio,AC Milan,0,4
Serie A,2024,2025-04-12T13:00:00Z,Venezia FC,AC Monza,1,0
Serie A,2024,2025-04-12T16:00:00Z,FC Internazionale Milano,Cagliari Calcio,3,1
Serie A,2024,2025-04-12T18:45:00Z,Juventus FC,US Lecce,2,1
Serie A,2024,2025-04-13T10:30:00Z,Atalanta BC,Bologna FC 1909,2,0
Serie A,2024,2025-04-13T13:00:00Z,ACF Fiorentina,Parma Calcio 1913,0,0
Serie A,2024,2025-04-13T13:00:00Z,Hellas Verona FC,Genoa CFC,0,0
Serie A,2024,2025-04-13T16:00:00Z,Como 1907,Torino FC,1,0
Serie A,2024,2025-04-13T18:45:00Z,SS Lazio,AS Roma,1,1
Serie A,2024,2025-04-14T18:45:00Z,SSC Napoli,Empoli FC,3,0
Serie A,2024,2025-04-19T13:00:00Z,US Lecce,Como 1907,0,3
Serie A,2024,2025-04-19T16:00:00Z,AC Monza,SSC Napoli,0,1
Serie A,2024,2025-04-19T18:45:00Z,AS Roma,Hellas Verona FC,1,0
Serie A,2024,2025-04-20T13:00:00Z,Empoli FC,Venezia FC,2,2
Serie A,2024,2025-04-20T16:00:00Z,Bologna FC 1909,FC Internazionale Milano,1,0
Serie A,2024,2025-04-20T18:45:00Z,AC Milan,Atalanta BC,0,1
Serie A,2024,2025-04-23T16:30:00Z,Cagliari Calcio,ACF Fiorentina,1,2
Serie A,2024,2025-04-23T16:30:00Z,Genoa CFC,SS Lazio,0,2
Serie A,2024,2025-04-23T16:30:00Z,Parma Calcio 1913,Juventus FC,1,0
Serie A,2024,2025-04-23T16:30:00Z,Torino FC,Udinese Calcio,2,0
Serie A,2024,2025-04-27T10:30:00Z,Como 1907,Genoa CFC,1,0
Serie A,2024,2025-04-27T10:30:00Z,Venezia FC,AC Milan,0,2
Serie A,2024,2025-04-27T13:00:00Z,ACF Fiorentina,Empoli FC,2,1
Serie A,2024,2025-04-27T13:00:00Z,FC Internazionale Milano,AS Roma,0,1
Serie A,2024,2025-04-27T16:00:00Z,Juventus FC,AC Monza,2,0
Serie A,2024,2025-04-27T18:45:00Z,Atalanta BC,US Lecce,1,1
Serie A,2024,2025-04-27T18:45:00Z,SSC Napoli,Torino FC,2,0
Serie A,2024,2025-04-28T16:30:00Z,Udinese Calcio,Bologna FC 1909,0,0
Serie A,2024,2025-04-28T18:45:00Z,Hellas Verona FC,Cagliari Calcio,0,2
Serie A,2024,2025-04-28T18:45:00Z,SS Lazio,Parma Calcio 1913,2,2
Serie A,2024,2025-05-02T18:45:00Z,Torino FC,Venezia FC,1,1
Serie A,2024,2025-05-03T13:00:00Z,Cagliari Calcio,Udinese Calcio,1,2
Serie A,2024,2025-05-03T13:00:00Z,Parma Calcio 1913,Como 1907,0,1
Serie A,2024,2025-05-03T16:00:00Z,US Lecce,SSC Napoli,0,1
Serie A,2024,2025-05-03T18:45:00Z,FC Internazionale Milano,Hellas Verona FC,1,0
Serie A,2024,2025-05-04T10:30:00Z,Empoli FC,SS Lazio,0,1
Serie A,2024,2025-05-04T13:00:00Z,AC Monza,Atalanta BC,0,4
Serie A,2024,2025-05-04T16:00:00Z,AS Roma,ACF Fiorentina,1,0
Serie A,2024,2025-05-04T18:45:00Z,Bologna FC 1909,Juventus FC,1,1
Serie A,2024,2025-05-05T18:45:00Z,Genoa CFC,AC Milan,1,2
Serie A,2024,2025-05-09T18:45:00Z,AC Milan,Bologna FC 1909,3,1
Serie A,2024,2025-05-10T13:00:00Z,Como 1907,Cagliari Calcio,3,1
Serie A,2024,2025-05-10T16:00:00Z,SS Lazio,Juventus FC,1,1
Serie A,2024,2025-05-10T18:45:00Z,Empoli FC,Parma Calcio 1913,2,1
Serie A,2024,2025-05-11T10:30:00Z,Udinese Calcio,AC Monza,1,2
Serie A,2024,2025-05-11T13:00:00Z,Hellas Verona FC,US Lecce,1,1
Serie A,2024,2025-05-11T16:00:00Z,Torino FC,FC Internazionale Milano,0,2
Serie A,2024,2025-05-11T18:45:00Z,SSC Napoli,Genoa CFC,2,2
Serie A,2024,2025-05-12T16:30:00Z,Venezia FC,ACF Fiorentina,2,1
Serie A,2024,2025-05-12T18:45:00Z,Atalanta BC,AS Roma,2,1
Serie A,2024,2025-05-17T18:45:00Z,Genoa CFC,Atalanta BC,2,3
Serie A,2024,2025-05-18T18:45:00Z,Cagliari Calcio,Venezia FC,3,0
Serie A,2024,2025-05-18T18:45:00Z,ACF Fiorentina,Bologna FC 1909,3,2
Serie A,2024,2025-05-18T18:45:00Z,Hellas Verona FC,Como 1907,1,1
Serie A,2024,2025-05-18T18:45:00Z,FC Internazionale Milano,SS Lazio,2,2
Serie A,2024,2025-05-18T18:45:00Z,Juventus FC,Udinese Calcio,2,0
Serie A,2024,2025-05-18T18:45:00Z,US Lecce,Torino FC,1,0
Serie A,2024,2025-05-18T18:45:00Z,AC Monza,Empoli FC,1,3
Serie A,2024,2025-05-18T18:45:00Z,Parma Calcio 1913,SSC Napoli,0,0
Serie A,2024,2025-05-18T18:45:00Z,AS Roma,AC Milan,3,1
Serie A,2024,2025-05-23T18:45:00Z,Como 1907,FC Internazionale Milano,0,2
Serie A,2024,2025-05-23T18:45:00Z,SSC Napoli,Cagliari Calcio,2,0
Serie A,2024,2025-05-24T16:00:00Z,Bologna FC 1909,Genoa CFC,1,3
Serie A,2024,2025-05-24T18:45:00Z,AC Milan,AC Monza,2,0
Serie A,2024,2025-05-25T18:45:00Z,Atalanta BC,Parma Calcio 1913,2,3
Serie A,2024,2025-05-25T18:45:00Z,Empoli FC,Hellas Verona FC,1,2
Serie A,2024,2025-05-25T18:45:00Z,SS Lazio,US Lecce,0,1
Serie A,2024,2025-05-25T18:45:00Z,Torino FC,AS Roma,0,2
Serie A,2024,2025-05-25T18:45:00Z,Udinese Calcio,ACF Fiorentina,2,3
Serie A,2024,2025-05-25T18:45:00Z,Venezia FC,Juventus FC,2,3
Ligue 1,2023,2023-08-11T19:00:00Z,OGC Nice,Lille OSC,1,1
Ligue 1,2023,2023-08-12T15:00:00Z,Olympique de Marseille,Stade de Reims,2,1
Ligue 1,2023,2023-08-12T19:00:00Z,Paris Saint-Germain FC,FC Lorient,0,0
Ligue 1,2023,2023-08-13T11:00:00Z,Stade Brestois 29,Racing Club de Lens,3,2
Ligue 1,2023,2023-08-13T13:00:00Z,Clermont Foot 63,AS Monaco FC,2,4
Ligue 1,2023,2023-08-13T13:00:00Z,FC Nantes,Toulouse FC,1,2
Ligue 1,2023,2023-08-13T13:00:00Z,Montpellier HSC,Le Havre AC,2,2
Ligue 1,2023,2023-08-13T15:05:00Z,Stade Rennais FC 1901,FC Metz,5,1
Ligue 1,2023,2023-08-13T18:45:00Z,RC Strasbourg Alsace,Olympique Lyonnais,2,1
Ligue 1,2023,2023-08-18T19:00:00Z,FC Metz,Olympique de Marseille,2,2
Ligue 1,2023,2023-08-19T17:00:00Z,Olympique Lyonnais,Montpellier HSC,1,4
Ligue 1,2023,2023-08-19T19:00:00Z,Toulouse FC,Paris Saint-Germain FC,1,1
Ligue 1,2023,2023-08-20T11:00:00Z,Lille OSC,FC Nantes,2,0
Ligue 1,2023,2023-08-20T13:00:00Z,Le Havre AC,Stade Brestois 29,1,2
Ligue 1,2023,2023-08-20T13:00:00Z,FC Lorient,OGC Nice,1,1
Ligue 1,2023,2023-08-20T13:00:00Z,Stade de Reims,Clermont Foot 63,2,0
Ligue 1,2023,2023-08-20T17:00:00Z,AS Monaco FC,RC Strasbourg Alsace,3,0
Ligue 1,2023,2023-08-20T18:45:00Z,Racing Club de Lens,Stade Rennais FC 1901,1,1
Ligue 1,2023,2023-08-25T19:00:00Z,FC Nantes,AS Monaco FC,3,3
Ligue 1,2023,2023-08-26T17:00:00Z,Olympique de Marseille,Stade Brestois 29,2,0
Ligue 1,2023,2023-08-26T19:00:00Z,Paris Saint-Germain FC,Racing Club de Lens,3,1
Ligue 1,2023,2023-08-27T11:00:00Z,Stade Rennais FC 1901,Le Havre AC,2,2
Ligue 1,2023,2023-08-27T13:00:00Z,Clermont Foot 63,FC Metz,0,1
Ligue 1,2023,2023-08-27T13:00:00Z,Montpellier HSC,Stade de Reims,1,3
Ligue 1,2023,2023-08-27T13:00:00Z,RC Strasbourg Alsace,Toulouse FC,2,0
Ligue 1,2023,2023-08-27T15:05:00Z,FC Lorient,Lille OSC,4,1
Ligue 1,2023,2023-08-27T18:45:00Z,OGC Nice,Olympique Lyonnais,0,0
Ligue 1,2023,2023-09-01T19:00:00Z,FC Nantes,Olympique de Marseille,1,1
Ligue 1,2023,2023-09-02T15:00:00Z,Stade Brestois 29,Stade Rennais FC 1901,0,0
Ligue 1,2023,2023-09-02T19:00:00Z,AS Monaco FC,Racing Club de Lens,3,0
Ligue 1,2023,2023-09-03T11:00:00Z,Toulouse FC,Clermont Foot 63,2,2
Ligue 1,2023,2023-09-03T13:00:00Z,Le Havre AC,FC Lorient,3,0
Ligue 1,2023,2023-09-03T13:00:00Z,FC Metz,Stade de Reims,2,2
Ligue 1,2023,2023-09-03T13:00:00Z,Lille OSC,Montpellier HSC,1,0
Ligue 1,2023,2023-09-03T15:05:00Z,OGC Nice,RC Strasbourg Alsace,2,0
Ligue 1,2023,2023-09-03T18:45:00Z,Olympique Lyonnais,Paris Saint-Germain FC,1,4
Ligue 1,2023,2023-09-15T19:00:00Z,Paris Saint-Germain FC,OGC Nice,2,3
Ligue 1,2023,2023-09-16T15:00:00Z,Stade Rennais FC 1901,Lille OSC,2,2
Ligue 1,2023,2023-09-16T19:00:00Z,Racing Club de Lens,FC Metz,0,1
Ligue 1,2023,2023-09-17T11:00:00Z,FC Lorient,AS Monaco FC,2,2
Ligue 1,2023,2023-09-17T13:00:00Z,Clermont Foot 63,FC Nantes,0,1
Ligue 1,2023,2023-09-17T13:00:00Z,RC Strasbourg Alsace,Montpellier HSC,2,2
Ligue 1,2023,2023-09-17T13:00:00Z,Stade de Reims,Stade Brestois 29,1,2
Ligue 1,2023,2023-09-17T15:05:00Z,Olympique de Marseille,Toulouse FC,0,0
Ligue 1,2023,2023-09-17T18:45:00Z,Olympique Lyonnais,Le Havre AC,0,0
Ligue 1,2023,2023-09-22T19:00:00Z,AS Monaco FC,OGC Nice,0,1
Ligue 1,2023,2023-09-23T15:00:00Z,FC Nantes,FC Lorient,5,3
Ligue 1,2023,2023-09-23T19:00:00Z,Stade Brestois 29,Olympique Lyonnais,1,0
Ligue 1,2023,2023-09-24T11:00:00Z,FC Metz,RC Strasbourg Alsace,0,1
Ligue 1,2023,2023-09-24T13:00:00Z,Le Havre AC,Clermont Foot 63,2,1
Ligue 1,2023,2023-09-24T13:00:00Z,Racing Club de Lens,Toulouse FC,2,1
Ligue 1,2023,2023-09-24T15:05:00Z,Montpellier HSC,Stade Rennais FC 1901,0,0
Ligue 1,2023,2023-09-24T18:45:00Z,Paris Saint-Germain FC,Olympique de Marseille,4,0
Ligue 1,2023,2023-09-26T19:00:00Z,Lille OSC,Stade de Reims,1,2
Ligue 1,2023,2023-09-29T19:00:00Z,RC Strasbourg Alsace,Racing Club de Lens,0,1
Ligue 1,2023,2023-09-30T15:00:00Z,Clermont Foot 63,Paris Saint-Germain FC,0,0
Ligue 1,2023,2023-09-30T19:00:00Z,AS Monaco FC,Olympique de Marseille,3,2
Ligue 1,2023,2023-10-01T11:00:00Z,Stade de Reims,Olympique Lyonnais,2,0
Ligue 1,2023,2023-10-01T13:00:00Z,Le Havre AC,Lille OSC,0,2
Ligue 1,2023,2023-10-01T13:00:00Z,Toulouse FC,FC Metz,3,0
Ligue 1,2023,2023-10-01T13:00:00Z,OGC Nice,Stade Brestois 29,0,0
Ligue 1,2023,2023-10-01T15:05:00Z,FC Lorient,Montpellier HSC,0,3
Ligue 1,2023,2023-10-01T18:45:00Z,Stade Rennais FC 1901,FC Nantes,3,1
Ligue 1,2023,2023-10-06T19:00:00Z,RC Strasbourg Alsace,FC Nantes,1,2
Ligue 1,2023,2023-10-07T15:00:00Z,FC Metz,OGC Nice,0,1
Ligue 1,2023,2023-10-07T19:00:00Z,Stade de Reims,AS Monaco FC,1,3
Ligue 1,2023,2023-10-08T11:00:00Z,Olympique de Marseille,Le Havre AC,3,0
Ligue 1,2023,2023-10-08T13:00:00Z,Olympique Lyonnais,FC Lorient,3,3
Ligue 1,2023,2023-10-08T13:00:00Z,Stade Brestois 29,Toulouse FC,1,1
Ligue 1,2023,2023-10-08T15:05:00Z,Racing Club de Lens,Lille OSC,1,1
Ligue 1,2023,2023-10-08T19:00:00Z,Stade Rennais FC 1901,Paris Saint-Germain FC,1,3
Ligue 1,2023,2023-10-20T19:00:00Z,Le Havre AC,Racing Club de Lens,0,0
Ligue 1,2023,2023-10-21T15:00:00Z,Paris Saint-Germain FC,RC Strasbourg Alsace,3,0
Ligue 1,2023,2023-10-21T19:00:00Z,OGC Nice,Olympique de Marseille,1,0
Ligue 1,2023,2023-10-22T11:00:00Z,FC Lorient,Stade Rennais FC 1901,2,1
Ligue 1,2023,2023-10-22T13:00:00Z,FC Nantes,Montpellier HSC,2,0
Ligue 1,2023,2023-10-22T13:00:00Z,Toulouse FC,Stade de Reims,1,1
Ligue 1,2023,2023-10-22T13:00:00Z,Lille OSC,Stade Brestois 29,1,0
Ligue 1,2023,2023-10-22T15:05:00Z,AS Monaco FC,FC Metz,2,1
Ligue 1,2023,2023-10-22T18:45:00Z,Olympique Lyonnais,Clermont Foot 63,1,2
Ligue 1,2023,2023-10-27T19:00:00Z,Clermont Foot 63,OGC Nice,0,1
Ligue 1,2023,2023-10-28T15:00:00Z,Stade de Reims,FC Lorient,1,0
Ligue 1,2023,2023-10-28T19:00:00Z,Racing Club de Lens,FC Nantes,4,0
Ligue 1,2023,2023-10-29T12:00:00Z,Stade Brestois 29,Paris Saint-Germain FC,2,3
Ligue 1,2023,2023-10-29T14:00:00Z,FC Metz,Le Havre AC,0,0
Ligue 1,2023,2023-10-29T14:00:00Z,Montpellier HSC,Toulouse FC,3,0
Ligue 1,2023,2023-10-29T14:00:00Z,Lille OSC,AS Monaco FC,2,0
Ligue 1,2023,2023-10-29T16:05:00Z,Stade Rennais FC 1901,RC Strasbourg Alsace,1,1
Ligue 1,2023,2023-11-03T20:00:00Z,Paris Saint-Germain FC,Montpellier HSC,3,0
Ligue 1,2023,2023-11-04T16:00:00Z,FC Lorient,Racing Club de Lens,0,0
Ligue 1,2023,2023-11-04T20:00:00Z,Olympique de Marseille,Lille OSC,0,0
Ligue 1,2023,2023-11-05T12:00:00Z,Olympique Lyonnais,FC Metz,1,1
Ligue 1,2023,2023-11-05T14:00:00Z,FC Nantes,Stade de Reims,0,1
Ligue 1,2023,2023-11-05T14:00:00Z,Toulouse FC,Le Havre AC,1,2
Ligue 1,2023,2023-11-05T14:00:00Z,RC Strasbourg Alsace,Clermont Foot 63,0,0
Ligue 1,2023,2023-11-05T16:05:00Z,AS Monaco FC,Stade Brestois 29,2,0
Ligue 1,2023,2023-11-05T19:45:00Z,OGC Nice,Stade Rennais FC 1901,2,0
Ligue 1,2023,2023-11-10T20:00:00Z,Montpellier HSC,OGC Nice,0,0
Ligue 1,2023,2023-11-11T16:00:00Z,Stade de Reims,Paris Saint-Germain FC,0,3
Ligue 1,2023,2023-11-11T20:00:00Z,Le Havre AC,AS Monaco FC,0,0
Ligue 1,2023,2023-11-12T14:00:00Z,Clermont Foot 63,FC Lorient,1,0
Ligue 1,2023,2023-11-12T14:00:00Z,FC Metz,FC Nantes,3,1
Ligue 1,2023,2023-11-12T14:00:00Z,Lille OSC,Toulouse FC,1,1
Ligue 1,2023,2023-11-12T16:05:00Z,Stade Rennais FC 1901,Olympique Lyonnais,0,1
Ligue 1,2023,2023-11-12T19:45:00Z,Racing Club de Lens,Olympique de Marseille,1,0
Ligue 1,2023,2023-11-24T20:00:00Z,Paris Saint-Germain FC,AS Monaco FC,5,2
Ligue 1,2023,2023-11-25T16:00:00Z,Clermont Foot 63,Racing Club de Lens,0,3
Ligue 1,2023,2023-11-25T20:00:00Z,RC Strasbourg Alsace,Olympique de Marseille,1,1
Ligue 1,2023,2023-11-26T12:00:00Z,OGC Nice,Toulouse FC,1,0
Ligue 1,2023,2023-11-26T14:00:00Z,FC Lorient,FC Metz,2,3
Ligue 1,2023,2023-11-26T14:00:00Z,FC Nantes,Le Havre AC,0,0
Ligue 1,2023,2023-11-26T14:00:00Z,Montpellier HSC,Stade Brestois 29,1,3
Ligue 1,2023,2023-11-26T16:05:00Z,Stade Rennais FC 1901,Stade de Reims,3,1
Ligue 1,2023,2023-11-26T19:45:00Z,Olympique Lyonnais,Lille OSC,0,2
Ligue 1,2023,2023-11-29T18:00:00Z,Montpellier HSC,Clermont Foot 63,1,1
Ligue 1,2023,2023-12-01T20:00:00Z,Stade de Reims,RC Strasbourg Alsace,2,1
Ligue 1,2023,2023-12-02T16:00:00Z,Racing Club de Lens,Olympique Lyonnais,3,2
Ligue 1,2023,2023-12-02T20:00:00Z,FC Nantes,OGC Nice,1,0
Ligue 1,2023,2023-12-03T12:00:00Z,Le Havre AC,Paris Saint-Germain FC,0,2
Ligue 1,2023,2023-12-03T14:00:00Z,AS Monaco FC,Montpellier HSC,2,0
Ligue 1,2023,2023-12-03T14:00:00Z,Toulouse FC,FC Lorient,1,1
Ligue 1,2023,2023-12-03T14:00:00Z,Stade Brestois 29,Clermont Foot 63,3,0
Ligue 1,2023,2023-12-03T16:05:00Z,Lille OSC,FC Metz,2,0
Ligue 1,2023,2023-12-03T19:45:00Z,Olympique de Marseille,Stade Rennais FC 1901,2,0
Ligue 1,2023,2023-12-06T20:00:00Z,Olympique de Marseille,Olympique Lyonnais,3,0
Ligue 1,2023,2023-12-07T19:30:00Z,Stade Brestois 29,RC Strasbourg Alsace,1,1
Ligue 1,2023,2023-12-08T20:00:00Z,Montpellier HSC,Racing Club de Lens,0,0
Ligue 1,2023,2023-12-09T16:00:00Z,Stade Rennais FC 1901,AS Monaco FC,1,2
Ligue 1,2023,2023-12-09T20:00:00Z,Paris Saint-Germain FC,FC Nantes,2,1
Ligue 1,2023,2023-12-10T12:00:00Z,OGC Nice,Stade de Reims,2,1
Ligue 1,2023,2023-12-10T14:00:00Z,Clermont Foot 63,Lille OSC,0,0
Ligue 1,2023,2023-12-10T14:00:00Z,FC Metz,Stade Brestois 29,0,1
Ligue 1,2023,2023-12-10T14:00:00Z,RC Strasbourg Alsace,Le Havre AC,2,1
Ligue 1,2023,2023-12-10T16:05:00Z,Olympique Lyonnais,Toulouse FC,3,0
Ligue 1,2023,2023-12-10T19:45:00Z,FC Lorient,Olympique de Marseille,2,4
Ligue 1,2023,2023-12-15T20:00:00Z,AS Monaco FC,Olympique Lyonnais,0,1
Ligue 1,2023,2023-12-16T16:00:00Z,Le Havre AC,OGC Nice,3,1
Ligue 1,2023,2023-12-16T20:00:00Z,Racing Club de Lens,Stade de Reims,2,0
Ligue 1,2023,2023-12-17T12:00:00Z,FC Nantes,Stade Brestois 29,0,2
Ligue 1,2023,2023-12-17T14:00:00Z,FC Lorient,RC Strasbourg Alsace,1,2
Ligue 1,2023,2023-12-17T14:00:00Z,FC Metz,Montpellier HSC,0,1
Ligue 1,2023,2023-12-17T14:00:00Z,Toulouse FC,Stade Rennais FC 1901,0,0
Ligue 1,2023,2023-12-17T16:05:00Z,Olympique de Marseille,Clermont Foot 63,2,1
Ligue 1,2023,2023-12-17T19:45:00Z,Lille OSC,Paris Saint-Germain FC,1,1
Ligue 1,2023,2023-12-20T20:00:00Z,Clermont Foot 63,Stade Rennais FC 1901,1,3
Ligue 1,2023,2023-12-20T20:00:00Z,Toulouse FC,AS Monaco FC,1,2
Ligue 1,2023,2023-12-20T20:00:00Z,Montpellier HSC,Olympique de Marseille,1,1
Ligue 1,2023,2023-12-20T20:00:00Z,OGC Nice,Racing Club de Lens,2,0
Ligue 1,2023,2023-12-20T20:00:00Z,Olympique Lyonnais,FC Nantes,1,0
Ligue 1,2023,2023-12-20T20:00:00Z,Paris Saint-Germain FC,FC Metz,3,1
Ligue 1,2023,2023-12-20T20:00:00Z,RC Strasbourg Alsace,Lille OSC,2,1
Ligue 1,2023,2023-12-20T20:00:00Z,Stade Brestois 29,FC Lorient,4,0
Ligue 1,2023,2023-12-20T20:00:00Z,Stade de Reims,Le Havre AC,1,0
Ligue 1,2023,2024-01-12T20:00:00Z,Olympique de Marseille,RC Strasbourg Alsace,1,1
Ligue 1,2023,2024-01-13T16:00:00Z,AS Monaco FC,Stade de Reims,1,3
Ligue 1,2023,2024-01-13T20:00:00Z,Stade Rennais FC 1901,OGC Nice,2,0
Ligue 1,2023,2024-01-14T12:00:00Z,Lille OSC,FC Lorient,3,0
Ligue 1,2023,2024-01-14T14:00:00Z,FC Metz,Toulouse FC,0,1
Ligue 1,2023,2024-01-14T14:00:00Z,FC Nantes,Clermont Foot 63,1,2
Ligue 1,2023,2024-01-14T14:00:00Z,Stade Brestois 29,Montpellier HSC,2,0
Ligue 1,2023,2024-01-14T16:05:00Z,Le Havre AC,Olympique Lyonnais,3,1
Ligue 1,2023,2024-01-14T19:45:00Z,Racing Club de Lens,Paris Saint-Germain FC,0,2
Ligue 1,2023,2024-01-26T20:00:00Z,Olympique Lyonnais,Stade Rennais FC 1901,2,3
Ligue 1,2023,2024-01-27T16:00:00Z,OGC Nice,FC Metz,1,0
Ligue 1,2023,2024-01-27T20:00:00Z,Olympique de Marseille,AS Monaco FC,2,2
Ligue 1,2023,2024-01-28T12:00:00Z,Montpellier HSC,Lille OSC,0,0
Ligue 1,2023,2024-01-28T14:00:00Z,Clermont Foot 63,RC Strasbourg Alsace,1,1
Ligue 1,2023,2024-01-28T14:00:00Z,FC Lorient,Le Havre AC,3,3
Ligue 1,2023,2024-01-28T14:00:00Z,Stade de Reims,FC Nantes,0,0
Ligue 1,2023,2024-01-28T16:05:00Z,Toulouse FC,Racing Club de Lens,0,2
Ligue 1,2023,2024-01-28T19:45:00Z,Paris Saint-Germain FC,Stade Brestois 29,2,2
Ligue 1,2023,2024-02-02T20:00:00Z,RC Strasbourg Alsace,Paris Saint-Germain FC,1,2
Ligue 1,2023,2024-02-03T16:00:00Z,Stade Rennais FC 1901,Montpellier HSC,2,1
Ligue 1,2023,2024-02-03T20:00:00Z,FC Nantes,Racing Club de Lens,0,1
Ligue 1,2023,2024-02-04T12:00:00Z,AS Monaco FC,Le Havre AC,1,1
Ligue 1,2023,2024-02-04T14:00:00Z,Lille OSC,Clermont Foot 63,4,0
Ligue 1,2023,2024-02-04T14:00:00Z,Stade de Reims,Toulouse FC,2,3
Ligue 1,2023,2024-02-04T14:00:00Z,FC Metz,FC Lorient,1,2
Ligue 1,2023,2024-02-04T16:05:00Z,Stade Brestois 29,OGC Nice,0,0
Ligue 1,2023,2024-02-04T19:45:00Z,Olympique Lyonnais,Olympique de Marseille,1,0
Ligue 1,2023,2024-02-09T20:00:00Z,Olympique de Marseille,FC Metz,1,1
Ligue 1,2023,2024-02-10T16:00:00Z,Racing Club de Lens,RC Strasbourg Alsace,3,1
Ligue 1,2023,2024-02-10T20:00:00Z,Paris Saint-Germain FC,Lille OSC,3,1
Ligue 1,2023,2024-02-11T12:00:00Z,Le Havre AC,Stade Rennais FC 1901,0,1
Ligue 1,2023,2024-02-11T14:00:00Z,Clermont Foot 63,Stade Brestois 29,1,1
Ligue 1,2023,2024-02-11T14:00:00Z,FC Lorient,Stade de Reims,2,0
Ligue 1,2023,2024-02-11T14:00:00Z,Toulouse FC,FC Nantes,1,2
Ligue 1,2023,2024-02-11T16:05:00Z,Montpellier HSC,Olympique Lyonnais,1,2
Ligue 1,2023,2024-02-11T19:45:00Z,OGC Nice,AS Monaco FC,2,3
Ligue 1,2023,2024-02-16T20:00:00Z,Olympique Lyonnais,OGC Nice,1,0
Ligue 1,2023,2024-02-17T16:00:00Z,Lille OSC,Le Havre AC,3,0
Ligue 1,2023,2024-02-17T20:00:00Z,FC Nantes,Paris Saint-Germain FC,0,2
Ligue 1,2023,2024-02-18T12:00:00Z,RC Strasbourg Alsace,FC Lorient,1,3
Ligue 1,2023,2024-02-18T14:00:00Z,AS Monaco FC,Toulouse FC,1,2
Ligue 1,2023,2024-02-18T14:00:00Z,Montpellier HSC,FC Metz,3,0
Ligue 1,2023,2024-02-18T14:00:00Z,Stade Rennais FC 1901,Clermont Foot 63,3,1
Ligue 1,2023,2024-02-18T16:05:00Z,Stade de Reims,Racing Club de Lens,1,1
Ligue 1,2023,2024-02-18T19:45:00Z,Stade Brestois 29,Olympique de Marseille,1,0
Ligue 1,2023,2024-02-23T20:00:00Z,FC Metz,Olympique Lyonnais,1,2
Ligue 1,2023,2024-02-24T16:00:00Z,FC Lorient,FC Nantes,0,1
Ligue 1,2023,2024-02-24T20:00:00Z,RC Strasbourg Alsace,Stade Brestois 29,0,3
Ligue 1,2023,2024-02-25T12:00:00Z,Racing Club de Lens,AS Monaco FC,2,3
Ligue 1,2023,2024-02-25T14:00:00Z,Le Havre AC,Stade de Reims,1,2
Ligue 1,2023,2024-02-25T14:00:00Z,Toulouse FC,Lille OSC,3,1
Ligue 1,2023,2024-02-25T14:00:00Z,OGC Nice,Clermont Foot 63,0,0
Ligue 1,2023,2024-02-25T16:05:00Z,Paris Saint-Germain FC,Stade Rennais FC 1901,1,1
Ligue 1,2023,2024-02-25T19:45:00Z,Olympique de Marseille,Montpellier HSC,4,1
Ligue 1,2023,2024-03-01T20:00:00Z,AS Monaco FC,Paris Saint-Germain FC,0,0
Ligue 1,2023,2024-03-02T16:00:00Z,Stade de Reims,Lille OSC,0,1
Ligue 1,2023,2024-03-02T20:00:00Z,Clermont Foot 63,Olympique de Marseille,1,5
Ligue 1,2023,2024-03-03T12:00:00Z,Toulouse FC,OGC Nice,2,1
Ligue 1,2023,2024-03-03T14:00:00Z,FC Nantes,FC Metz,0,2
Ligue 1,2023,2024-03-03T14:00:00Z,Montpellier HSC,RC Strasbourg Alsace,2,2
Ligue 1,2023,2024-03-03T14:00:00Z,Stade Brestois 29,Le Havre AC,1,0
Ligue 1,2023,2024-03-03T16:05:00Z,Stade Rennais FC 1901,FC Lorient,1,2
Ligue 1,2023,2024-03-03T19:45:00Z,Olympique Lyonnais,Racing Club de Lens,0,3
Ligue 1,2023,2024-03-08T20:00:00Z,OGC Nice,Montpellier HSC,1,2
Ligue 1,2023,2024-03-09T16:00:00Z,FC Lorient,Olympique Lyonnais,0,2
Ligue 1,2023,2024-03-09T20:00:00Z,Racing Club de Lens,Stade Brestois 29,1,0
Ligue 1,2023,2024-03-10T12:00:00Z,Paris Saint-Germain FC,Stade de Reims,2,2
Ligue 1,2023,2024-03-10T14:00:00Z,Le Havre AC,Toulouse FC,1,0
Ligue 1,2023,2024-03-10T14:00:00Z,FC Metz,Clermont Foot 63,1,0
Ligue 1,2023,2024-03-10T14:00:00Z,RC Strasbourg Alsace,AS Monaco FC,0,1
Ligue 1,2023,2024-03-10T16:00:00Z,Lille OSC,Stade Rennais FC 1901,2,2
Ligue 1,2023,2024-03-10T19:45:00Z,Olympique de Marseille,FC Nantes,2,0
Ligue 1,2023,2024-03-15T20:00:00Z,Toulouse FC,Olympique Lyonnais,2,3
Ligue 1,2023,2024-03-16T16:00:00Z,FC Nantes,RC Strasbourg Alsace,1,3
Ligue 1,2023,2024-03-16T20:00:00Z,Racing Club de Lens,OGC Nice,1,3
Ligue 1,2023,2024-03-17T12:00:00Z,Stade Brestois 29,Lille OSC,1,1
Ligue 1,2023,2024-03-17T14:00:00Z,AS Monaco FC,FC Lorient,2,2
Ligue 1,2023,2024-03-17T14:00:00Z,Clermont Foot 63,Le Havre AC,2,1
Ligue 1,2023,2024-03-17T14:00:00Z,Stade de Reims,FC Metz,2,1
Ligue 1,2023,2024-03-17T16:05:00Z,Stade Rennais FC 1901,Olympique de Marseille,2,0
Ligue 1,2023,2024-03-17T19:45:00Z,Montpellier HSC,Paris Saint-Germain FC,2,6
Ligue 1,2023,2024-03-29T20:00:00Z,Lille OSC,Racing Club de Lens,2,1
Ligue 1,2023,2024-03-30T16:00:00Z,FC Metz,AS Monaco FC,2,5
Ligue 1,2023,2024-03-30T20:00:00Z,Olympique Lyonnais,Stade de Reims,1,1
Ligue 1,2023,2024-03-31T11:00:00Z,FC Lorient,Stade Brestois 29,0,1
Ligue 1,2023,2024-03-31T13:00:00Z,Le Havre AC,Montpellier HSC,0,2
Ligue 1,2023,2024-03-31T13:00:00Z,Clermont Foot 63,Toulouse FC,0,3
Ligue 1,2023,2024-03-31T13:00:00Z,OGC Nice,FC Nantes,1,2
Ligue 1,2023,2024-03-31T15:05:00Z,RC Strasbourg Alsace,Stade Rennais FC 1901,2,0
Ligue 1,2023,2024-03-31T18:45:00Z,Olympique de Marseille,Paris Saint-Germain FC,0,2
Ligue 1,2023,2024-04-05T19:00:00Z,Lille OSC,Olympique de Marseille,3,1
Ligue 1,2023,2024-04-06T15:00:00Z,Racing Club de Lens,Le Havre AC,1,1
Ligue 1,2023,2024-04-06T19:00:00Z,Paris Saint-Germain FC,Clermont Foot 63,1,1
Ligue 1,2023,2024-04-07T11:00:00Z,Stade Brestois 29,FC Metz,4,3
Ligue 1,2023,2024-04-07T13:00:00Z,Toulouse FC,RC Strasbourg Alsace,0,0
Ligue 1,2023,2024-04-07T13:00:00Z,Montpellier HSC,FC Lorient,2,0
Ligue 1,2023,2024-04-07T13:00:00Z,Stade de Reims,OGC Nice,0,0
Ligue 1,2023,2024-04-07T15:05:00Z,AS Monaco FC,Stade Rennais FC 1901,1,0
Ligue 1,2023,2024-04-07T18:45:00Z,FC Nantes,Olympique Lyonnais,1,3
Ligue 1,2023,2024-04-12T19:00:00Z,FC Metz,Racing Club de Lens,2,1
Ligue 1,2023,2024-04-13T15:00:00Z,RC Strasbourg Alsace,Stade de Reims,3,1
Ligue 1,2023,2024-04-13T19:00:00Z,Stade Rennais FC 1901,Toulouse FC,1,2
Ligue 1,2023,2024-04-14T11:00:00Z,Le Havre AC,FC Nantes,0,1
Ligue 1,2023,2024-04-14T13:00:00Z,Clermont Foot 63,Montpellier HSC,1,1
Ligue 1,2023,2024-04-14T18:45:00Z,Olympique Lyonnais,Stade Brestois 29,4,3
Ligue 1,2023,2024-04-19T19:00:00Z,OGC Nice,FC Lorient,3,0
Ligue 1,2023,2024-04-20T15:00:00Z,FC Nantes,Stade Rennais FC 1901,0,3
Ligue 1,2023,2024-04-20T19:00:00Z,Racing Club de Lens,Clermont Foot 63,1,0
Ligue 1,2023,2024-04-21T13:00:00Z,Le Havre AC,FC Metz,0,1
Ligue 1,2023,2024-04-21T13:00:00Z,Lille OSC,RC Strasbourg Alsace,1,0
Ligue 1,2023,2024-04-21T13:00:00Z,Stade de Reims,Montpellier HSC,1,2
Ligue 1,2023,2024-04-21T15:05:00Z,Stade Brestois 29,AS Monaco FC,0,2
Ligue 1,2023,2024-04-21T17:15:00Z,Toulouse FC,Olympique de Marseille,2,2
Ligue 1,2023,2024-04-21T19:00:00Z,Paris Saint-Germain FC,Olympique Lyonnais,4,1
Ligue 1,2023,2024-04-24T17:00:00Z,FC Lorient,Paris Saint-Germain FC,1,4
Ligue 1,2023,2024-04-24T19:00:00Z,AS Monaco FC,Lille OSC,1,0
Ligue 1,2023,2024-04-24T19:00:00Z,Olympique de Marseille,OGC Nice,2,2
Ligue 1,2023,2024-04-26T19:00:00Z,Montpellier HSC,FC Nantes,1,1
Ligue 1,2023,2024-04-27T19:00:00Z,Paris Saint-Germain FC,Le Havre AC,3,3
Ligue 1,2023,2024-04-28T11:00:00Z,FC Metz,Lille OSC,1,2
Ligue 1,2023,2024-04-28T13:00:00Z,Clermont Foot 63,Stade de Reims,4,1
Ligue 1,2023,2024-04-28T13:00:00Z,FC Lorient,Toulouse FC,1,2
Ligue 1,2023,2024-04-28T13:00:00Z,RC Strasbourg Alsace,OGC Nice,1,3
Ligue 1,2023,2024-04-28T15:05:00Z,Stade Rennais FC 1901,Stade Brestois 29,4,5
Ligue 1,2023,2024-04-28T17:00:00Z,Olympique Lyonnais,AS Monaco FC,3,2
Ligue 1,2023,2024-04-28T19:00:00Z,Olympique de Marseille,Racing Club de Lens,2,1
Ligue 1,2023,2024-05-03T17:00:00Z,Toulouse FC,Montpellier HSC,1,2
Ligue 1,2023,2024-05-03T19:00:00Z,Racing Club de Lens,FC Lorient,2,0
Ligue 1,2023,2024-05-04T13:00:00Z,Le Havre AC,RC Strasbourg Alsace,3,1
Ligue 1,2023,2024-05-04T15:00:00Z,AS Monaco FC,Clermont Foot 63,4,1
Ligue 1,2023,2024-05-04T17:00:00Z,FC Metz,Stade Rennais FC 1901,2,3
Ligue 1,2023,2024-05-04T19:00:00Z,Stade Brestois 29,FC Nantes,0,0
Ligue 1,2023,2024-05-06T19:00:00Z,Lille OSC,Olympique Lyonnais,3,4
Ligue 1,2023,2024-05-10T19:00:00Z,OGC Nice,Le Havre AC,1,0
Ligue 1,2023,2024-05-10T19:00:00Z,Stade Brestois 29,Stade de Reims,1,1
Ligue 1,2023,2024-05-12T19:00:00Z,Clermont Foot 63,Olympique Lyonnais,0,1
Ligue 1,2023,2024-05-12T19:00:00Z,FC Nantes,Lille OSC,1,2
Ligue 1,2023,2024-05-12T19:00:00Z,Montpellier HSC,AS Monaco FC,0,2
Ligue 1,2023,2024-05-12T19:00:00Z,Olympique de Marseille,FC Lorient,3,1
Ligue 1,2023,2024-05-12T19:00:00Z,Paris Saint-Germain FC,Toulouse FC,1,3
Ligue 1,2023,2024-05-12T19:00:00Z,RC Strasbourg Alsace,FC Metz,2,1
Ligue 1,2023,2024-05-12T19:00:00Z,Stade Rennais FC 1901,Racing Club de Lens,1,1
Ligue 1,2023,2024-05-15T19:00:00Z,OGC Nice,Paris Saint-Germain FC,1,2
Ligue 1,2023,2024-05-15T19:00:00Z,Stade de Reims,Olympique de Marseille,1,0
Ligue 1,2023,2024-05-19T19:00:00Z,Le Havre AC,Olympique de Marseille,1,2
Ligue 1,2023,2024-05-19T19:00:00Z,AS Monaco FC,FC Nantes,4,0
Ligue 1,2023,2024-05-19T19:00:00Z,FC Lorient,Clermont Foot 63,5,0
Ligue 1,2023,2024-05-19T19:00:00Z,FC Metz,Paris Saint-Germain FC,0,2
Ligue 1,2023,2024-05-19T19:00:00Z,Toulouse FC,Stade Brestois 29,0,3
Ligue 1,2023,2024-05-19T19:00:00Z,Olympique Lyonnais,RC Strasbourg Alsace,2,1
Ligue 1,2023,2024-05-19T19:00:00Z,Lille OSC,OGC Nice,2,2
Ligue 1,2023,2024-05-19T19:00:00Z,Racing Club de Lens,Montpellier HSC,2,2
Ligue 1,2023,2024-05-19T19:00:00Z,Stade de Reims,Stade Rennais FC 1901,2,1
Ligue 1,2024,2024-08-16T18:45:00Z,Le Havre AC,Paris Saint-Germain FC,1,4
Ligue 1,2024,2024-08-17T15:00:00Z,Stade Brestois 29,Olympique de Marseille,1,5
Ligue 1,2024,2024-08-17T17:00:00Z,Stade de Reims,Lille OSC,0,2
Ligue 1,2024,2024-08-17T19:00:00Z,AS Monaco FC,AS Saint-Étienne,1,0
Ligue 1,2024,2024-08-18T13:00:00Z,AJ Auxerre,OGC Nice,2,1
Ligue 1,2024,2024-08-18T15:00:00Z,Montpellier HSC,RC Strasbourg Alsace,1,1
Ligue 1,2024,2024-08-18T15:00:00Z,Toulouse FC,FC Nantes,0,0
Ligue 1,2024,2024-08-18T15:00:00Z,Angers SCO,Racing Club de Lens,0,1
Ligue 1,2024,2024-08-18T18:45:00Z,Stade Rennais FC 1901,Olympique Lyonnais,3,0
Ligue 1,2024,2024-08-23T18:45:00Z,Paris Saint-Germain FC,Montpellier HSC,6,0
Ligue 1,2024,2024-08-24T15:00:00Z,Olympique Lyonnais,AS Monaco FC,0,2
Ligue 1,2024,2024-08-24T17:00:00Z,Lille OSC,Angers SCO,2,0
Ligue 1,2024,2024-08-24T19:00:00Z,AS Saint-Étienne,Le Havre AC,0,2
Ligue 1,2024,2024-08-25T13:00:00Z,Racing Club de Lens,Stade Brestois 29,2,0
Ligue 1,2024,2024-08-25T15:00:00Z,RC Strasbourg Alsace,Stade Rennais FC 1901,3,1
Ligue 1,2024,2024-08-25T15:00:00Z,FC Nantes,AJ Auxerre,2,0
Ligue 1,2024,2024-08-25T15:00:00Z,OGC Nice,Toulouse FC,1,1
Ligue 1,2024,2024-08-25T18:45:00Z,Olympique de Marseille,Stade de Reims,2,2
Ligue 1,2024,2024-08-30T18:45:00Z,Olympique Lyonnais,RC Strasbourg Alsace,4,3
Ligue 1,2024,2024-08-31T15:00:00Z,Stade Brestois 29,AS Saint-Étienne,4,0
Ligue 1,2024,2024-08-31T17:00:00Z,Montpellier HSC,FC Nantes,1,3
Ligue 1,2024,2024-08-31T19:00:00Z,Toulouse FC,Olympique de Marseille,1,3
Ligue 1,2024,2024-09-01T13:00:00Z,AS Monaco FC,Racing Club de Lens,1,1
Ligue 1,2024,2024-09-01T15:00:00Z,Angers SCO,OGC Nice,1,4
Ligue 1,2024,2024-09-01T15:00:00Z,Le Havre AC,AJ Auxerre,3,1
Ligue 1,2024,2024-09-01T15:00:00Z,Stade de Reims,Stade Rennais FC 1901,2,1
Ligue 1,2024,2024-09-01T18:45:00Z,Lille OSC,Paris Saint-Germain FC,1,3
Ligue 1,2024,2024-09-13T18:45:00Z,AS Saint-Étienne,Lille OSC,1,0
Ligue 1,2024,2024-09-14T15:00:00Z,Olympique de Marseille,OGC Nice,2,0
Ligue 1,2024,2024-09-14T17:00:00Z,AJ Auxerre,AS Monaco FC,0,3
Ligue 1,2024,2024-09-14T19:00:00Z,Paris Saint-Germain FC,Stade Brestois 29,3,1
Ligue 1,2024,2024-09-15T13:00:00Z,Stade Rennais FC 1901,Montpellier HSC,3,0
Ligue 1,2024,2024-09-15T15:00:00Z,FC Nantes,Stade de Reims,1,2
Ligue 1,2024,2024-09-15T15:00:00Z,Toulouse FC,Le Havre AC,2,0
Ligue 1,2024,2024-09-15T15:00:00Z,RC Strasbourg Alsace,Angers SCO,1,1
Ligue 1,2024,2024-09-15T18:45:00Z,Racing Club de Lens,Olympique Lyonnais,0,0
Ligue 1,2024,2024-09-20T18:45:00Z,OGC Nice,AS Saint-Étienne,8,0
Ligue 1,2024,2024-09-21T15:00:00Z,Lille OSC,RC Strasbourg Alsace,3,3
Ligue 1,2024,2024-09-21T17:00:00Z,Stade Rennais FC 1901,Racing Club de Lens,1,1
Ligue 1,2024,2024-09-21T19:00:00Z,Stade de Reims,Paris Saint-Germain FC,1,1
Ligue 1,2024,2024-09-22T13:00:00Z,AS Monaco FC,Le Havre AC,3,1
Ligue 1,2024,2024-09-22T15:00:00Z,Stade Brestois 29,Toulouse FC,2,0
Ligue 1,2024,2024-09-22T15:00:00Z,Angers SCO,FC Nantes,1,1
Ligue 1,2024,2024-09-22T15:00:00Z,Montpellier HSC,AJ Auxerre,3,2
Ligue 1,2024,2024-09-22T18:45:00Z,Olympique Lyonnais,Olympique de Marseille,2,3
Ligue 1,2024,2024-09-27T17:00:00Z,AJ Auxerre,Stade Brestois 29,3,0
Ligue 1,2024,2024-09-27T19:00:00Z,Paris Saint-Germain FC,Stade Rennais FC 1901,3,1
Ligue 1,2024,2024-09-28T15:00:00Z,Racing Club de Lens,OGC Nice,0,0
Ligue 1,2024,2024-09-28T17:00:00Z,Le Havre AC,Lille OSC,0,3
Ligue 1,2024,2024-09-28T19:00:00Z,AS Monaco FC,Montpellier HSC,2,1
Ligue 1,2024,2024-09-29T13:00:00Z,Toulouse FC,Olympique Lyonnais,1,2
Ligue 1,2024,2024-09-29T15:00:00Z,FC Nantes,AS Saint-Étienne,2,2
Ligue 1,2024,2024-09-29T15:00:00Z,Angers SCO,Stade de Reims,1,3
Ligue 1,2024,2024-09-29T18:45:00Z,RC Strasbourg Alsace,Olympique de Marseille,1,0
Ligue 1,2024,2024-10-04T18:45:00Z,Olympique de Marseille,Angers SCO,1,1
Ligue 1,2024,2024-10-05T15:00:00Z,AS Saint-Étienne,AJ Auxerre,3,1
Ligue 1,2024,2024-10-05T17:00:00Z,Lille OSC,Toulouse FC,2,1
Ligue 1,2024,2024-10-05T19:00:00Z,Stade Rennais FC 1901,AS Monaco FC,1,2
Ligue 1,2024,2024-10-06T13:00:00Z,Olympique Lyonnais,FC Nantes,2,0
Ligue 1,2024,2024-10-06T15:00:00Z,Stade Brestois 29,Le Havre AC,2,0
Ligue 1,2024,2024-10-06T15:00:00Z,RC Strasbourg Alsace,Racing Club de Lens,2,2
Ligue 1,2024,2024-10-06T15:00:00Z,Stade de Reims,Montpellier HSC,4,2
Ligue 1,2024,2024-10-06T18:45:00Z,OGC Nice,Paris Saint-Germain FC,1,1
Ligue 1,2024,2024-10-18T18:45:00Z,AS Monaco FC,Lille OSC,0,0
Ligue 1,2024,2024-10-19T15:00:00Z,Stade Brestois 29,Stade Rennais FC 1901,1,1
Ligue 1,2024,2024-10-19T17:00:00Z,AS Saint-Étienne,Racing Club de Lens,0,2
Ligue 1,2024,2024-10-19T19:00:00Z,Paris Saint-Germain FC,RC Strasbourg Alsace,4,2
Ligue 1,2024,2024-10-20T13:00:00Z,Le Havre AC,Olympique Lyonnais,0,4
Ligue 1,2024,2024-10-20T15:00:00Z,AJ Auxerre,Stade de Reims,2,1
Ligue 1,2024,2024-10-20T15:00:00Z,Toulouse FC,Angers SCO,1,1
Ligue 1,2024,2024-10-20T15:00:00Z,FC Nantes,OGC Nice,1,1
Ligue 1,2024,2024-10-20T18:45:00Z,Montpellier HSC,Olympique de Marseille,0,5
Ligue 1,2024,2024-10-25T18:45:00Z,Stade Rennais FC 1901,Le Havre AC,1,0
Ligue 1,2024,2024-10-26T15:00:00Z,Angers SCO,AS Saint-Étienne,4,2
Ligue 1,2024,2024-10-26T17:00:00Z,Stade de Reims,Stade Brestois 29,1,2
Ligue 1,2024,2024-10-26T19:00:00Z,Racing Club de Lens,Lille OSC,0,2
Ligue 1,2024,2024-10-27T14:00:00Z,Olympique Lyonnais,AJ Auxerre,2,2
Ligue 1,2024,2024-10-27T16:00:00Z,OGC Nice,AS Monaco FC,2,1
Ligue 1,2024,2024-10-27T16:00:00Z,Montpellier HSC,Toulouse FC,0,3
Ligue 1,2024,2024-10-27T16:00:00Z,RC Strasbourg Alsace,FC Nantes,3,1
Ligue 1,2024,2024-10-27T19:45:00Z,Olympique de Marseille,Paris Saint-Germain FC,0,3
Ligue 1,2024,2024-11-01T18:00:00Z,AS Monaco FC,Angers SCO,0,1
Ligue 1,2024,2024-11-01T20:00:00Z,Lille OSC,Olympique Lyonnais,1,1
Ligue 1,2024,2024-11-02T16:00:00Z,Paris Saint-Germain FC,Racing Club de Lens,1,0
Ligue 1,2024,2024-11-02T18:00:00Z,Stade Brestois 29,OGC Nice,0,1
Ligue 1,2024,2024-11-02T20:00:00Z,AS Saint-Étienne,RC Strasbourg Alsace,2,0
Ligue 1,2024,2024-11-03T14:00:00Z,Toulouse FC,Stade de Reims,1,0
Ligue 1,2024,2024-11-03T16:00:00Z,AJ Auxerre,Stade Rennais FC 1901,4,0
Ligue 1,2024,2024-11-03T16:00:00Z,Le Havre AC,Montpellier HSC,1,0
Ligue 1,2024,2024-11-03T19:45:00Z,FC Nantes,Olympique de Marseille,1,2
Ligue 1,2024,2024-11-08T19:45:00Z,Olympique de Marseille,AJ Auxerre,1,3
Ligue 1,2024,2024-11-09T16:00:00Z,RC Strasbourg Alsace,AS Monaco FC,1,3
Ligue 1,2024,2024-11-09T18:00:00Z,Racing Club de Lens,FC Nantes,3,2
Ligue 1,2024,2024-11-09T20:00:00Z,Angers SCO,Paris Saint-Germain FC,2,4
Ligue 1,2024,2024-11-10T14:00:00Z,OGC Nice,Lille OSC,2,2
Ligue 1,2024,2024-11-10T16:00:00Z,Montpellier HSC,Stade Brestois 29,3,1
Ligue 1,2024,2024-11-10T16:00:00Z,Le Havre AC,Stade de Reims,0,3
Ligue 1,2024,2024-11-10T16:00:00Z,Stade Rennais FC 1901,Toulouse FC,0,2
Ligue 1,2024,2024-11-10T19:45:00Z,Olympique Lyonnais,AS Saint-Étienne,1,0
Ligue 1,2024,2024-11-22T18:00:00Z,AS Monaco FC,Stade Brestois 29,3,2
Ligue 1,2024,2024-11-22T20:00:00Z,Paris Saint-Germain FC,Toulouse FC,3,0
Ligue 1,2024,2024-11-23T16:00:00Z,Racing Club de Lens,Olympique de Marseille,1,3
Ligue 1,2024,2024-11-23T18:00:00Z,AS Saint-Étienne,Montpellier HSC,1,0
Ligue 1,2024,2024-11-23T20:00:00Z,Stade de Reims,Olympique Lyonnais,1,1
Ligue 1,2024,2024-11-24T14:00:00Z,Lille OSC,Stade Rennais FC 1901,1,0
Ligue 1,2024,2024-11-24T16:00:00Z,FC Nantes,Le Havre AC,0,2
Ligue 1,2024,2024-11-24T16:00:00Z,AJ Auxerre,Angers SCO,1,0
Ligue 1,2024,2024-11-24T19:45:00Z,OGC Nice,RC Strasbourg Alsace,2,1
Ligue 1,2024,2024-11-29T19:45:00Z,Stade de Reims,Racing Club de Lens,0,2
Ligue 1,2024,2024-11-30T16:00:00Z,Stade Rennais FC 1901,AS Saint-Étienne,5,0
Ligue 1,2024,2024-11-30T18:00:00Z,Stade Brestois 29,RC Strasbourg Alsace,3,1
Ligue 1,2024,2024-11-30T20:00:00Z,Paris Saint-Germain FC,FC Nantes,1,1
Ligue 1,2024,2024-12-01T14:00:00Z,Montpellier HSC,Lille OSC,2,2
Ligue 1,2024,2024-12-01T16:00:00Z,Le Havre AC,Angers SCO,0,1
Ligue 1,2024,2024-12-01T16:00:00Z,Toulouse FC,AJ Auxerre,2,0
Ligue 1,2024,2024-12-01T16:00:00Z,Olympique Lyonnais,OGC Nice,4,1
Ligue 1,2024,2024-12-01T19:45:00Z,Olympique de Marseille,AS Monaco FC,2,1
Ligue 1,2024,2024-12-06T18:00:00Z,Lille OSC,Stade Brestois 29,3,1
Ligue 1,2024,2024-12-06T20:00:00Z,AJ Auxerre,Paris Saint-Germain FC,0,0
Ligue 1,2024,2024-12-07T16:00:00Z,AS Monaco FC,Toulouse FC,2,0
Ligue 1,2024,2024-12-07T18:00:00Z,OGC Nice,Le Havre AC,2,1
Ligue 1,2024,2024-12-07T20:00:00Z,Angers SCO,Olympique Lyonnais,0,3
Ligue 1,2024,2024-12-08T14:00:00Z,Racing Club de Lens,Montpellier HSC,2,0
Ligue 1,2024,2024-12-08T16:00:00Z,RC Strasbourg Alsace,Stade de Reims,0,0
Ligue 1,2024,2024-12-08T16:00:00Z,FC Nantes,Stade Rennais FC 1901,1,0
Ligue 1,2024,2024-12-08T19:45:00Z,AS Saint-Étienne,Olympique de Marseille,0,2
Ligue 1,2024,2024-12-13T19:45:00Z,Toulouse FC,AS Saint-Étienne,2,1
Ligue 1,2024,2024-12-14T16:00:00Z,Olympique de Marseille,Lille OSC,1,1
Ligue 1,2024,2024-12-14T18:00:00Z,AJ Auxerre,Racing Club de Lens,2,2
Ligue 1,2024,2024-12-14T20:00:00Z,Stade de Reims,AS Monaco FC,0,0
Ligue 1,2024,2024-12-15T14:00:00Z,Montpellier HSC,OGC Nice,2,2
Ligue 1,2024,2024-12-15T16:00:00Z,Stade Rennais FC 1901,Angers SCO,2,0
Ligue 1,2024,2024-12-15T16:00:00Z,Le Havre AC,RC Strasbourg Alsace,0,3
Ligue 1,2024,2024-12-15T16:00:00Z,Stade Brestois 29,FC Nantes,4,1
Ligue 1,2024,2024-12-15T19:45:00Z,Paris Saint-Germain FC,Olympique Lyonnais,3,1
Ligue 1,2024,2024-12-18T20:00:00Z,AS Monaco FC,Paris Saint-Germain FC,2,4
Ligue 1,2024,2025-01-03T20:00:00Z,OGC Nice,Stade Rennais FC 1901,3,2
Ligue 1,2024,2025-01-04T16:00:00Z,AS Saint-Étienne,Stade de Reims,3,1
Ligue 1,2024,2025-01-04T18:00:00Z,Lille OSC,FC Nantes,1,1
Ligue 1,2024,2025-01-04T20:00:00Z,Olympique Lyonnais,Montpellier HSC,1,0
Ligue 1,2024,2025-01-05T14:00:00Z,Racing Club de Lens,Toulouse FC,0,1
Ligue 1,2024,2025-01-05T14:00:00Z,Angers SCO,Stade Brestois 29,2,0
Ligue 1,2024,2025-01-05T14:00:00Z,RC Strasbourg Alsace,AJ Auxerre,3,1
Ligue 1,2024,2025-01-05T19:45:00Z,Olympique de Marseille,Le Havre AC,5,1
Ligue 1,2024,2025-01-10T18:00:00Z,FC Nantes,AS Monaco FC,2,2
Ligue 1,2024,2025-01-10T20:05:00Z,AJ Auxerre,Lille OSC,0,0
Ligue 1,2024,2025-01-11T16:00:00Z,Stade Brestois 29,Olympique Lyonnais,2,1
Ligue 1,2024,2025-01-11T18:00:00Z,Stade de Reims,OGC Nice,2,4
Ligue 1,2024,2025-01-11T20:05:00Z,Stade Rennais FC 1901,Olympique de Marseille,1,2
Ligue 1,2024,2025-01-12T14:00:00Z,Le Havre AC,Racing Club de Lens,1,2
Ligue 1,2024,2025-01-12T16:15:00Z,Toulouse FC,RC Strasbourg Alsace,1,2
Ligue 1,2024,2025-01-12T16:15:00Z,Montpellier HSC,Angers SCO,1,3
Ligue 1,2024,2025-01-12T19:45:00Z,Paris Saint-Germain FC,AS Saint-Étienne,2,1
Ligue 1,2024,2025-01-17T18:00:00Z,Montpellier HSC,AS Monaco FC,2,1
Ligue 1,2024,2025-01-17T20:05:00Z,Lille OSC,OGC Nice,2,1
Ligue 1,2024,2025-01-18T16:00:00Z,Racing Club de Lens,Paris Saint-Germain FC,1,2
Ligue 1,2024,2025-01-18T18:00:00Z,Stade Rennais FC 1901,Stade Brestois 29,1,2
Ligue 1,2024,2025-01-18T20:05:00Z,Olympique Lyonnais,Toulouse FC,0,0
Ligue 1,2024,2025-01-19T14:00:00Z,AS Saint-Étienne,FC Nantes,1,1
Ligue 1,2024,2025-01-19T16:15:00Z,Stade de Reims,Le Havre AC,1,1
Ligue 1,2024,2025-01-19T16:15:00Z,Angers SCO,AJ Auxerre,2,0
Ligue 1,2024,2025-01-19T19:45:00Z,Olympique de Marseille,RC Strasbourg Alsace,1,1
Ligue 1,2024,2025-01-24T19:45:00Z,AJ Auxerre,AS Saint-Étienne,1,1
Ligue 1,2024,2025-01-25T16:00:00Z,AS Monaco FC,Stade Rennais FC 1901,3,2
Ligue 1,2024,2025-01-25T18:00:00Z,RC Strasbourg Alsace,Lille OSC,2,1
Ligue 1,2024,2025-01-25T20:05:00Z,Paris Saint-Germain FC,Stade de Reims,1,1
Ligue 1,2024,2025-01-26T14:00:00Z,Le Havre AC,Stade Brestois 29,0,1
Ligue 1,2024,2025-01-26T16:15:00Z,FC Nantes,Olympique Lyonnais,1,1
Ligue 1,2024,2025-01-26T16:15:00Z,Toulouse FC,Montpellier HSC,1,2
Ligue 1,2024,2025-01-26T16:15:00Z,Racing Club de Lens,Angers SCO,1,0
Ligue 1,2024,2025-01-26T19:45:00Z,OGC Nice,Olympique de Marseille,2,0
Ligue 1,2024,2025-01-31T19:45:00Z,Montpellier HSC,Racing Club de Lens,0,2
Ligue 1,2024,2025-02-01T16:00:00Z,Stade Brestois 29,Paris Saint-Germain FC,2,5
Ligue 1,2024,2025-02-01T18:00:00Z,AS Monaco FC,AJ Auxerre,4,2
Ligue 1,2024,2025-02-01T20:05:00Z,Lille OSC,AS Saint-Étienne,4,1
Ligue 1,2024,2025-02-02T14:00:00Z,Toulouse FC,OGC Nice,1,1
Ligue 1,2024,2025-02-02T16:15:00Z,Stade de Reims,FC Nantes,1,2
Ligue 1,2024,2025-02-02T16:15:00Z,Angers SCO,Le Havre AC,1,1
Ligue 1,2024,2025-02-02T16:15:00Z,Stade Rennais FC 1901,RC Strasbourg Alsace,1,0
Ligue 1,2024,2025-02-02T19:45:00Z,Olympique de Marseille,Olympique Lyonnais,3,2
Ligue 1,2024,2025-02-07T18:00:00Z,FC Nantes,Stade Brestois 29,0,2
Ligue 1,2024,2025-02-07T20:05:00Z,Paris Saint-Germain FC,AS Monaco FC,4,1
Ligue 1,2024,2025-02-08T16:00:00Z,OGC Nice,Racing Club de Lens,2,0
Ligue 1,2024,2025-02-08T18:00:00Z,Lille OSC,Le Havre AC,1,2
Ligue 1,2024,2025-02-08T20:05:00Z,AS Saint-Étienne,Stade Rennais FC 1901,0,2
Ligue 1,2024,2025-02-09T14:00:00Z,Olympique Lyonnais,Stade de Reims,4,0
Ligue 1,2024,2025-02-09T16:15:00Z,AJ Auxerre,Toulouse FC,2,2
Ligue 1,2024,2025-02-09T16:15:00Z,RC Strasbourg Alsace,Montpellier HSC,2,0
Ligue 1,2024,2025-02-09T19:45:00Z,Angers SCO,Olympique de Marseille,0,2
Ligue 1,2024,2025-02-14T19:45:00Z,Stade Brestois 29,AJ Auxerre,2,2
Ligue 1,2024,2025-02-15T16:00:00Z,Olympique de Marseille,AS Saint-Étienne,5,1
Ligue 1,2024,2025-02-15T18:00:00Z,AS Monaco FC,FC Nantes,7,1
Ligue 1,2024,2025-02-15T20:05:00Z,Toulouse FC,Paris Saint-Germain FC,0,1
Ligue 1,2024,2025-02-16T14:00:00Z,Montpellier HSC,Olympique Lyonnais,1,4
Ligue 1,2024,2025-02-16T16:15:00Z,Racing Club de Lens,RC Strasbourg Alsace,0,2
Ligue 1,2024,2025-02-16T16:15:00Z,Stade de Reims,Angers SCO,0,1
Ligue 1,2024,2025-02-16T16:15:00Z,Le Havre AC,OGC Nice,1,3
Ligue 1,2024,2025-02-16T19:45:00Z,Stade Rennais FC 1901,Lille OSC,0,2
Ligue 1,2024,2025-02-21T19:45:00Z,Stade Rennais FC 1901,Stade de Reims,1,0
Ligue 1,2024,2025-02-22T16:00:00Z,Lille OSC,AS Monaco FC,2,1
Ligue 1,2024,2025-02-22T18:00:00Z,AS Saint-Étienne,Angers SCO,3,3
Ligue 1,2024,2025-02-22T20:05:00Z,AJ Auxerre,Olympique de Marseille,3,0
Ligue 1,2024,2025-02-23T14:00:00Z,FC Nantes,Racing Club de Lens,3,1
Ligue 1,2024,2025-02-23T16:15:00Z,Le Havre AC,Toulouse FC,1,4
Ligue 1,2024,2025-02-23T16:15:00Z,RC Strasbourg Alsace,Stade Brestois 29,0,0
Ligue 1,2024,2025-02-23T16:15:00Z,OGC Nice,Montpellier HSC,2,0
Ligue 1,2024,2025-02-23T19:45:00Z,Olympique Lyonnais,Paris Saint-Germain FC,2,3
Ligue 1,2024,2025-02-28T19:45:00Z,AS Monaco FC,Stade de Reims,3,0
Ligue 1,2024,2025-03-01T16:00:00Z,AS Saint-Étienne,OGC Nice,1,3
Ligue 1,2024,2025-03-01T18:00:00Z,Racing Club de Lens,Le Havre AC,3,4
Ligue 1,2024,2025-03-01T20:05:00Z,Paris Saint-Germain FC,Lille OSC,4,1
Ligue 1,2024,2025-03-02T14:00:00Z,Olympique Lyonnais,Stade Brestois 29,2,1
Ligue 1,2024,2025-03-02T16:15:00Z,Montpellier HSC,Stade Rennais FC 1901,0,4
Ligue 1,2024,2025-03-02T16:15:00Z,AJ Auxerre,RC Strasbourg Alsace,0,1
Ligue 1,2024,2025-03-02T16:15:00Z,Angers SCO,Toulouse FC,0,4
Ligue 1,2024,2025-03-02T19:45:00Z,Olympique de Marseille,FC Nantes,2,0
Ligue 1,2024,2025-03-07T19:45:00Z,Toulouse FC,AS Monaco FC,1,1
Ligue 1,2024,2025-03-08T16:00:00Z,Stade Rennais FC 1901,Paris Saint-Germain FC,1,4
Ligue 1,2024,2025-03-08T18:00:00Z,Lille OSC,Montpellier HSC,1,0
Ligue 1,2024,2025-03-08T20:05:00Z,Olympique de Marseille,Racing Club de Lens,0,1
Ligue 1,2024,2025-03-09T14:00:00Z,Stade Brestois 29,Angers SCO,2,0
Ligue 1,2024,2025-03-09T16:15:00Z,Le Havre AC,AS Saint-Étienne,1,1
Ligue 1,2024,2025-03-09T16:15:00Z,Stade de Reims,AJ Auxerre,0,2
Ligue 1,2024,2025-03-09T16:15:00Z,FC Nantes,RC Strasbourg Alsace,0,1
Ligue 1,2024,2025-03-09T19:45:00Z,OGC Nice,Olympique Lyonnais,0,2
Ligue 1,2024,2025-03-14T19:45:00Z,OGC Nice,AJ Auxerre,1,1
Ligue 1,2024,2025-03-15T16:00:00Z,FC Nantes,Lille OSC,1,0
Ligue 1,2024,2025-03-15T18:00:00Z,Angers SCO,AS Monaco FC,0,2
Ligue 1,2024,2025-03-15T20:05:00Z,Racing Club de Lens,Stade Rennais FC 1901,1,0
Ligue 1,2024,2025-03-16T14:00:00Z,Olympique Lyonnais,Le Havre AC,4,2
Ligue 1,2024,2025-03-16T16:15:00Z,Montpellier HSC,AS Saint-Étienne,0,2
Ligue 1,2024,2025-03-16T16:15:00Z,Stade Brestois 29,Stade de Reims,0,0
Ligue 1,2024,2025-03-16T16:15:00Z,RC Strasbourg Alsace,Toulouse FC,2,1
Ligue 1,2024,2025-03-16T19:45:00Z,Paris Saint-Germain FC,Olympique de Marseille,3,1
Ligue 1,2024,2025-03-28T19:45:00Z,RC Strasbourg Alsace,Olympique Lyonnais,4,2
Ligue 1,2024,2025-03-29T16:00:00Z,Stade de Reims,Olympique de Marseille,3,1
Ligue 1,2024,2025-03-29T18:00:00Z,AS Saint-Étienne,Paris Saint-Germain FC,1,6
Ligue 1,2024,2025-03-29T20:05:00Z,AS Monaco FC,OGC Nice,2,1
Ligue 1,2024,2025-03-30T13:00:00Z,Toulouse FC,Stade Brestois 29,2,4
Ligue 1,2024,2025-03-30T15:15:00Z,Angers SCO,Stade Rennais FC 1901,0,3
Ligue 1,2024,2025-03-30T15:15:00Z,AJ Auxerre,Montpellier HSC,1,0
Ligue 1,2024,2025-03-30T15:15:00Z,Le Havre AC,FC Nantes,3,2
Ligue 1,2024,2025-03-30T18:45:00Z,Lille OSC,Racing Club de Lens,1,0
Ligue 1,2024,2025-04-04T18:45:00Z,OGC Nice,FC Nantes,1,2
Ligue 1,2024,2025-04-05T15:00:00Z,Paris Saint-Germain FC,Angers SCO,1,0
Ligue 1,2024,2025-04-05T17:00:00Z,Stade Brestois 29,AS Monaco FC,2,1
Ligue 1,2024,2025-04-05T19:05:00Z,Olympique Lyonnais,Lille OSC,2,1
Ligue 1,2024,2025-04-06T13:00:00Z,Racing Club de Lens,AS Saint-Étienne,1,0
Ligue 1,2024,2025-04-06T15:15:00Z,Montpellier HSC,Le Havre AC,0,2
Ligue 1,2024,2025-04-06T15:15:00Z,Stade de Reims,RC Strasbourg Alsace,0,1
Ligue 1,2024,2025-04-06T15:15:00Z,Stade Rennais FC 1901,AJ Auxerre,0,1
Ligue 1,2024,2025-04-06T18:45:00Z,Olympique de Marseille,Toulouse FC,3,2
Ligue 1,2024,2025-04-11T18:45:00Z,Racing Club de Lens,Stade de Reims,0,2
Ligue 1,2024,2025-04-12T15:00:00Z,AS Monaco FC,Olympique de Marseille,3,0
Ligue 1,2024,2025-04-12T17:00:00Z,Toulouse FC,Lille OSC,1,2
Ligue 1,2024,2025-04-12T19:05:00Z,RC Strasbourg Alsace,OGC Nice,2,2
Ligue 1,2024,2025-04-13T13:00:00Z,AS Saint-Étienne,Stade Brestois 29,3,3
Ligue 1,2024,2025-04-13T15:15:00Z,Le Havre AC,Stade Rennais FC 1901,1,5
Ligue 1,2024,2025-04-13T15:15:00Z,Angers SCO,Montpellier HSC,2,0
Ligue 1,2024,2025-04-13T18:45:00Z,AJ Auxerre,Olympique Lyonnais,1,3
Ligue 1,2024,2025-04-18T18:45:00Z,Stade Rennais FC 1901,FC Nantes,2,1
Ligue 1,2024,2025-04-19T15:00:00Z,Paris Saint-Germain FC,Le Havre AC,2,1
Ligue 1,2024,2025-04-19T17:00:00Z,AS Monaco FC,RC Strasbourg Alsace,0,0
Ligue 1,2024,2025-04-19T19:05:00Z,Olympique de Marseille,Montpellier HSC,5,1
Ligue 1,2024,2025-04-20T13:00:00Z,Lille OSC,AJ Auxerre,3,1
Ligue 1,2024,2025-04-20T15:15:00Z,OGC Nice,Angers SCO,2,1
Ligue 1,2024,2025-04-20T15:15:00Z,Stade Brestois 29,Racing Club de Lens,1,3
Ligue 1,2024,2025-04-20T15:15:00Z,Stade de Reims,Toulouse FC,1,0
Ligue 1,2024,2025-04-20T18:45:00Z,AS Saint-Étienne,Olympique Lyonnais,2,1
Ligue 1,2024,2025-04-22T18:45:00Z,FC Nantes,Paris Saint-Germain FC,1,1
Ligue 1,2024,2025-04-25T18:45:00Z,Paris Saint-Germain FC,OGC Nice,1,3
Ligue 1,2024,2025-04-26T15:00:00Z,RC Strasbourg Alsace,AS Saint-Étienne,3,1
Ligue 1,2024,2025-04-26T17:00:00Z,Le Havre AC,AS Monaco FC,1,1
Ligue 1,2024,2025-04-26T19:05:00Z,Olympique Lyonnais,Stade Rennais FC 1901,4,1
Ligue 1,2024,2025-04-27T13:00:00Z,Angers SCO,Lille OSC,0,2
Ligue 1,2024,2025-04-27T15:15:00Z,FC Nantes,Toulouse FC,0,0
Ligue 1,2024,2025-04-27T15:15:00Z,Montpellier HSC,Stade de Reims,0,0
Ligue 1,2024,2025-04-27T15:15:00Z,Racing Club de Lens,AJ Auxerre,0,4
Ligue 1,2024,2025-04-27T18:45:00Z,Olympique de Marseille,Stade Brestois 29,4,1
Ligue 1,2024,2025-05-02T18:45:00Z,OGC Nice,Stade de Reims,1,0
Ligue 1,2024,2025-05-03T15:00:00Z,RC Strasbourg Alsace,Paris Saint-Germain FC,2,1
Ligue 1,2024,2025-05-03T17:00:00Z,Toulouse FC,Stade Rennais FC 1901,2,1
Ligue 1,2024,2025-05-03T19:05:00Z,AS Saint-Étienne,AS Monaco FC,1,3
Ligue 1,2024,2025-05-04T13:00:00Z,FC Nantes,Angers SCO,0,1
Ligue 1,2024,2025-05-04T15:15:00Z,Olympique Lyonnais,Racing Club de Lens,1,2
Ligue 1,2024,2025-05-04T15:15:00Z,Stade Brestois 29,Montpellier HSC,1,0
Ligue 1,2024,2025-05-04T15:15:00Z,AJ Auxerre,Le Havre AC,1,2
Ligue 1,2024,2025-05-04T18:45:00Z,Lille OSC,Olympique de Marseille,1,1
Ligue 1,2024,2025-05-10T19:00:00Z,Stade de Reims,AS Saint-Étienne,0,2
Ligue 1,2024,2025-05-10T19:00:00Z,AJ Auxerre,FC Nantes,1,1
Ligue 1,2024,2025-05-10T19:00:00Z,Angers SCO,RC Strasbourg Alsace,2,1
Ligue 1,2024,2025-05-10T19:00:00Z,Le Havre AC,Olympique de Marseille,1,3
Ligue 1,2024,2025-05-10T19:00:00Z,Stade Rennais FC 1901,OGC Nice,2,0
Ligue 1,2024,2025-05-10T19:00:00Z,Montpellier HSC,Paris Saint-Germain FC,1,4
Ligue 1,2024,2025-05-10T19:00:00Z,Toulouse FC,Racing Club de Lens,1,1
Ligue 1,2024,2025-05-10T19:00:00Z,Stade Brestois 29,Lille OSC,2,0
Ligue 1,2024,2025-05-10T19:00:00Z,AS Monaco FC,Olympique Lyonnais,2,0
Ligue 1,2024,2025-05-17T19:00:00Z,Olympique de Marseille,Stade Rennais FC 1901,4,2
Ligue 1,2024,2025-05-17T19:00:00Z,Olympique Lyonnais,Angers SCO,2,0
Ligue 1,2024,2025-05-17T19:00:00Z,OGC Nice,Stade Brestois 29,6,0
Ligue 1,2024,2025-05-17T19:00:00Z,AS Saint-Étienne,Toulouse FC,2,3
Ligue 1,2024,2025-05-17T19:00:00Z,Lille OSC,Stade de Reims,2,1
Ligue 1,2024,2025-05-17T19:00:00Z,RC Strasbourg Alsace,Le Havre AC,2,3
Ligue 1,2024,2025-05-17T19:00:00Z,FC Nantes,Montpellier HSC,3,0
Ligue 1,2024,2025-05-17T19:00:00Z,Racing Club de Lens,AS Monaco FC,4,0
Ligue 1,2024,2025-05-17T19:00:00Z,Paris Saint-Germain FC,AJ Auxerre,3,1
